url_length,num_dots,num_special_chars,uses_http,has_ip,has_at_symbol,has_hyphen,is_shortened,num_subdomains,is_phishing
44,2,7,0,0,0,1,0,1,1
39,2,4,0,0,0,0,0,1,1
35,2,5,0,0,0,1,0,1,1
27,1,5,0,0,0,0,0,0,1
34,2,4,0,0,0,0,0,0,1
42,2,6,0,0,0,0,0,1,1
19,1,4,0,0,0,0,0,0,1
19,1,4,0,0,0,0,0,0,1
19,1,4,0,0,0,0,0,0,1
26,2,4,0,0,0,0,0,1,1
27,2,5,0,0,0,1,0,1,1
32,2,4,0,0,0,0,0,1,1
28,2,5,0,0,0,1,0,1,1
33,1,5,0,0,0,0,0,0,1
33,2,5,0,0,0,1,0,1,1
30,2,5,0,0,0,1,0,1,1
35,2,5,0,0,0,1,0,1,1
38,2,5,0,0,0,1,0,1,1
39,2,4,0,0,0,0,0,1,1
65,2,7,0,0,1,0,0,0,1
38,3,4,0,0,0,0,1,2,1
135,6,18,0,0,1,1,0,1,1
95,3,13,0,0,1,0,0,0,1
77,2,4,0,0,0,0,0,1,1
381,7,30,0,0,1,1,1,1,1
51,2,13,0,0,0,1,0,1,1
59,2,7,0,0,1,0,0,0,1
46,1,6,0,0,0,0,0,0,1
18,1,4,0,0,0,0,0,0,1
41,1,6,0,0,0,0,0,0,1
20,1,4,0,0,0,0,0,0,1
61,2,7,0,0,1,0,0,0,1
68,2,7,0,0,1,0,0,0,1
41,1,6,0,0,0,0,0,0,1
68,2,7,0,0,1,0,0,0,1
65,2,7,0,0,1,0,0,0,1
58,2,7,0,0,1,0,0,0,1
86,2,9,0,0,1,1,0,0,1
35,1,6,0,0,0,1,0,0,1
45,2,5,0,0,0,1,0,1,1
29,1,6,0,0,0,1,0,0,1
45,2,7,0,0,0,1,0,0,1
26,2,4,1,0,0,0,0,1,1
21,1,5,0,0,0,1,0,0,1
27,2,5,0,0,0,1,0,1,1
42,1,7,0,0,0,1,0,0,1
49,3,8,0,0,0,1,0,2,1
167,2,17,0,0,0,0,0,1,1
22,1,3,1,0,0,0,0,0,1
27,2,5,0,0,0,1,0,1,1
24,1,4,0,0,0,0,0,0,1
32,2,3,1,0,0,0,0,1,1
28,2,4,0,0,0,0,0,1,1
35,2,4,0,0,0,0,0,1,1
35,2,4,0,0,0,0,0,1,1
31,2,5,0,0,0,1,0,1,1
37,2,5,0,0,0,1,0,1,1
32,2,5,1,0,0,1,0,1,1
48,2,10,0,0,0,1,0,1,1
30,2,4,0,0,0,0,0,1,1
48,2,7,0,0,0,1,0,1,1
52,2,6,0,0,0,0,0,0,1
239,1,8,0,0,0,1,0,0,1
31,1,3,0,0,0,0,0,0,1
21,1,3,0,0,0,0,0,0,1
57,3,7,0,0,0,1,0,1,1
40,2,6,0,0,0,1,0,1,1
32,2,5,0,0,0,0,0,1,1
20,1,4,1,0,0,1,0,0,1
55,3,7,0,0,0,1,0,1,1
43,2,6,0,0,0,0,0,1,1
45,2,7,0,0,0,1,0,1,1
30,2,4,0,0,0,0,0,1,1
37,2,4,0,0,0,0,0,1,1
34,2,5,0,0,0,1,0,1,1
36,2,3,0,0,0,0,1,1,1
31,2,4,0,0,0,0,0,1,1
25,1,5,0,0,0,0,0,0,1
43,3,5,0,0,0,0,1,2,1
38,2,4,1,0,0,1,0,1,1
29,2,5,0,0,0,1,0,1,1
26,2,4,0,0,0,0,0,1,1
38,2,6,0,0,0,1,0,1,1
39,2,7,0,0,0,1,0,1,1
46,2,7,0,0,0,1,0,1,1
31,1,5,0,0,0,1,0,0,1
29,1,5,0,0,0,1,0,0,1
36,2,3,0,0,0,0,0,1,1
32,1,7,0,0,0,1,0,0,1
25,3,3,0,0,0,0,0,2,1
31,1,5,0,0,0,1,0,0,1
37,4,5,0,0,0,0,0,0,1
35,3,5,0,0,0,0,0,2,1
172,2,11,0,0,0,1,0,1,1
53,3,6,0,0,1,0,1,0,1
26,1,4,0,0,0,0,0,0,1
44,3,6,1,0,0,1,0,1,1
43,2,3,1,0,0,0,0,1,1
232,1,9,0,0,0,1,0,0,1
27,2,4,0,0,0,0,0,0,1
21,1,4,1,0,0,0,0,0,1
36,2,6,0,0,0,1,0,1,1
35,2,4,0,0,0,0,0,0,1
22,1,4,0,0,0,0,0,0,1
44,2,6,0,0,0,1,0,1,1
28,2,3,0,0,0,0,0,1,1
22,1,3,0,0,0,0,0,0,1
27,1,4,0,0,0,0,0,0,1
21,1,3,0,0,0,0,0,0,1
51,2,7,1,0,0,1,0,1,1
36,2,3,0,0,0,0,0,1,1
32,2,3,0,0,0,0,0,1,1
35,2,5,0,0,0,1,0,1,1
71,2,4,0,0,0,0,0,1,1
39,2,6,0,0,0,0,0,1,1
21,1,5,0,0,0,1,0,0,1
25,2,4,0,0,0,0,0,1,1
33,2,4,0,0,0,0,0,1,1
26,2,4,0,0,0,0,0,1,1
40,2,5,0,0,0,1,0,1,1
35,2,4,0,0,0,0,0,1,1
23,2,4,0,0,0,0,0,1,1
37,2,6,0,0,0,1,0,1,1
33,2,6,0,0,0,1,0,1,1
36,1,8,0,0,0,1,0,0,1
32,2,5,0,0,0,1,0,0,1
101,4,15,0,1,0,0,0,0,1
22,1,5,0,0,0,1,0,0,1
18,1,4,0,0,0,0,0,0,1
78,4,10,0,0,1,0,0,2,1
26,1,4,0,0,0,0,0,0,1
37,1,5,0,0,0,0,0,0,1
37,2,6,0,0,0,1,0,1,1
23,1,4,0,0,0,0,0,0,1
28,2,4,1,0,0,0,0,0,1
25,1,4,1,0,0,0,0,0,1
32,1,5,1,0,0,0,0,0,1
27,1,5,1,0,0,0,0,0,1
27,1,4,1,0,0,0,1,0,1
24,1,4,1,0,0,0,0,0,1
28,1,4,1,0,0,0,0,0,1
34,1,5,1,0,0,0,0,0,1
27,1,5,1,0,0,1,0,0,1
32,1,5,1,0,0,0,0,0,1
32,1,5,1,0,0,1,0,0,1
33,1,5,1,0,0,1,0,0,1
31,1,5,1,0,0,1,0,0,1
26,1,6,1,0,0,1,0,0,1
27,1,5,1,0,0,1,0,0,1
25,1,5,1,0,0,1,0,0,1
31,1,5,1,0,0,1,0,0,1
30,1,5,1,0,0,1,0,0,1
31,1,5,1,0,0,1,0,0,1
32,1,5,1,0,0,1,0,0,1
29,4,4,1,1,0,0,0,0,1
32,3,5,1,1,0,0,0,0,1
35,3,5,1,1,0,0,0,0,1
35,3,5,1,1,0,0,0,0,1
28,3,5,1,1,0,0,0,0,1
34,3,5,1,1,0,0,0,0,1
36,3,5,1,1,0,0,0,0,1
39,3,5,1,1,0,0,0,0,1
35,3,5,1,1,0,0,0,0,1
32,3,5,1,1,0,0,0,0,1
81,5,7,1,0,0,1,0,3,1
76,6,5,1,0,0,1,0,4,1
70,5,5,1,0,0,1,0,4,1
63,4,5,1,0,0,1,0,3,1
66,5,5,1,0,0,1,0,4,1
64,4,6,1,0,0,1,0,3,1
66,5,5,1,0,0,1,0,4,1
70,5,5,1,0,0,1,0,4,1
60,4,6,1,0,0,1,0,3,1
58,4,5,1,0,0,1,0,3,1
46,1,7,1,0,0,1,0,0,1
48,1,6,1,0,0,1,1,0,1
42,1,6,1,0,0,1,0,0,1
38,1,6,1,0,0,1,0,0,1
47,1,6,1,0,0,1,0,0,1
43,1,7,1,0,0,1,0,0,1
40,1,6,1,0,0,1,0,0,1
43,1,7,1,0,0,1,0,0,1
40,1,6,1,0,0,1,1,0,1
48,1,6,1,0,0,1,0,0,1
34,1,5,1,0,0,0,0,0,1
35,1,5,1,0,0,0,0,0,1
38,1,5,1,0,0,0,0,0,1
36,1,5,1,0,0,0,0,0,1
37,1,5,1,0,0,0,0,0,1
36,1,5,1,0,0,0,0,0,1
35,1,5,1,0,0,0,0,0,1
35,1,5,1,0,0,0,0,0,1
37,1,5,1,0,0,0,0,0,1
33,1,5,1,0,0,0,0,0,1
41,1,6,1,0,0,0,0,0,1
39,1,7,1,0,0,1,0,0,1
44,1,8,1,0,0,1,0,0,1
41,1,7,1,0,0,1,0,0,1
37,1,7,1,0,0,1,0,0,1
44,1,7,1,0,0,1,0,0,1
40,1,7,1,0,0,1,0,0,1
41,1,7,1,0,0,1,0,0,1
48,1,7,1,0,0,1,0,0,1
41,1,7,1,0,0,1,0,0,1
30,1,7,1,0,0,1,0,0,1
30,1,7,1,0,0,1,0,0,1
31,1,7,1,0,0,1,0,0,1
31,1,7,1,0,0,1,0,0,1
33,1,7,1,0,0,1,0,0,1
31,1,7,1,0,0,1,0,0,1
30,1,7,1,0,0,1,0,0,1
28,1,7,1,0,0,1,0,0,1
33,1,7,1,0,0,1,0,0,1
33,1,7,1,0,0,1,0,0,1
44,1,7,1,0,0,1,0,0,1
40,1,7,1,0,0,1,0,0,1
42,1,6,1,0,0,1,0,0,1
40,1,6,1,0,0,1,0,0,1
37,1,5,1,0,0,1,0,0,1
33,1,6,1,0,0,1,0,0,1
36,1,6,1,0,0,1,0,0,1
38,1,6,1,0,0,1,0,0,1
40,1,6,1,0,0,1,0,0,1
39,1,6,1,0,0,1,0,0,1
44,1,6,1,0,0,1,0,0,1
39,1,6,1,0,0,1,0,0,1
38,1,6,1,0,0,1,0,0,1
36,1,6,1,0,0,1,0,0,1
41,1,6,1,0,0,1,0,0,1
47,1,6,1,0,0,1,0,0,1
41,1,5,1,0,0,1,0,0,1
40,1,6,1,0,0,1,0,0,1
46,1,6,1,0,0,1,0,0,1
42,1,6,1,0,0,1,0,0,1
31,1,6,1,0,0,1,0,0,1
36,1,5,1,0,0,1,0,0,1
40,1,6,1,0,0,1,0,0,1
34,1,6,1,0,0,1,0,0,1
33,1,6,1,0,0,1,0,0,1
41,1,6,1,0,0,1,0,0,1
41,1,6,1,0,0,1,0,0,1
42,1,6,1,0,0,1,0,0,1
34,1,6,1,0,0,1,0,0,1
35,1,5,1,0,0,1,0,0,1
45,1,6,1,0,0,1,0,0,1
40,1,6,1,0,0,1,0,0,1
35,1,6,1,0,0,1,0,0,1
36,1,5,1,0,0,1,0,0,1
39,1,5,1,0,0,1,0,0,1
38,1,6,1,0,0,1,1,0,1
41,1,6,1,0,0,1,0,0,1
39,1,5,1,0,0,1,0,0,1
34,1,5,1,0,0,1,0,0,1
35,1,6,1,0,0,1,0,0,1
36,1,6,1,0,0,1,0,0,1
47,1,7,1,0,0,1,0,0,1
43,1,6,1,0,0,1,0,0,1
43,1,6,1,0,0,1,0,0,1
39,1,6,1,0,0,1,0,0,1
41,1,6,1,0,0,1,0,0,1
39,1,6,1,0,0,1,1,0,1
44,1,6,1,0,0,1,0,0,1
41,1,6,1,0,0,1,0,0,1
45,1,6,1,0,0,1,0,0,1
32,1,5,1,0,0,0,0,0,1
31,1,5,1,0,0,1,0,0,1
32,1,5,1,0,0,1,0,0,1
32,1,5,1,0,0,1,0,0,1
34,1,5,1,0,0,1,1,0,1
36,1,5,1,0,0,1,0,0,1
32,1,5,1,0,0,1,1,0,1
35,1,5,1,0,0,1,0,0,1
33,1,6,1,0,0,1,0,0,1
35,1,5,1,0,0,1,0,0,1
46,3,5,1,0,0,1,0,2,1
50,3,5,1,0,0,1,0,2,1
41,3,5,1,0,0,1,0,2,1
48,3,5,1,0,0,1,0,2,1
45,4,5,1,0,0,1,0,3,1
51,4,5,1,0,0,1,0,3,1
47,3,5,1,0,0,1,0,2,1
44,3,5,1,0,0,1,0,2,1
47,3,5,1,0,0,1,0,2,1
55,4,5,1,0,0,1,0,3,1
40,1,6,1,0,0,1,1,0,1
39,1,6,1,0,0,1,0,0,1
52,1,6,1,0,0,1,0,0,1
45,1,6,1,0,0,1,0,0,1
41,1,6,1,0,0,1,0,0,1
49,1,6,1,0,0,1,0,0,1
40,1,6,1,0,0,1,0,0,1
44,1,6,1,0,0,1,0,0,1
40,1,6,1,0,0,1,0,0,1
43,1,6,1,0,0,1,1,0,1
31,1,5,1,0,0,1,0,0,1
33,1,5,1,0,0,1,0,0,1
31,1,5,1,0,0,1,0,0,1
32,1,5,1,0,0,1,0,0,1
36,1,5,1,0,0,1,0,0,1
35,1,5,1,0,0,1,0,0,1
36,1,5,1,0,0,1,0,0,1
33,1,5,1,0,0,1,0,0,1
37,1,5,1,0,0,1,0,0,1
33,1,5,1,0,0,1,0,0,1
68,6,5,1,0,0,1,0,5,1
70,6,5,1,0,0,1,0,5,1
67,7,5,1,0,0,1,0,6,1
72,6,5,1,0,0,1,0,5,1
66,6,5,1,0,0,1,0,5,1
72,6,5,1,0,0,1,0,5,1
74,6,5,1,0,0,1,0,5,1
66,6,5,1,0,0,1,0,5,1
69,6,5,1,0,0,1,0,5,1
70,6,5,1,0,0,1,0,5,1
36,1,6,1,0,0,1,0,0,1
37,1,5,1,0,0,1,0,0,1
38,1,6,1,0,0,1,0,0,1
40,1,6,1,0,0,1,0,0,1
40,1,6,1,0,0,1,0,0,1
40,1,6,1,0,0,1,0,0,1
39,1,6,1,0,0,1,0,0,1
35,1,6,1,0,0,1,0,0,1
39,1,6,1,0,0,1,0,0,1
40,1,6,1,0,0,1,0,0,1
34,2,5,1,0,0,1,0,0,1
36,2,5,1,0,0,1,0,0,1
36,2,5,1,0,0,1,0,0,1
36,2,5,1,0,0,1,1,0,1
37,2,5,1,0,0,1,0,0,1
39,2,5,1,0,0,1,0,0,1
36,2,5,1,0,0,1,0,0,1
40,2,5,1,0,0,1,0,0,1
35,2,5,1,0,0,1,0,0,1
34,2,5,1,0,0,1,0,0,1
46,3,6,1,0,0,1,0,0,1
42,2,6,1,0,0,1,0,0,1
43,2,6,1,0,0,1,0,0,1
49,3,6,1,0,0,1,0,0,1
47,3,6,1,0,0,1,0,0,1
41,3,6,1,0,0,1,0,0,1
44,2,6,1,0,0,1,0,0,1
48,3,6,1,0,0,1,1,0,1
47,2,6,1,0,0,1,0,0,1
42,2,6,1,0,0,1,0,0,1
33,1,6,1,0,0,1,0,0,1
37,1,6,1,0,0,1,0,0,1
38,1,6,1,0,0,1,0,0,1
38,1,7,1,0,0,1,0,0,1
39,1,6,1,0,0,1,0,0,1
38,1,6,1,0,0,1,0,0,1
40,1,6,1,0,0,1,0,0,1
35,1,6,1,0,0,1,0,0,1
38,1,6,1,0,0,1,0,0,1
40,1,6,1,0,0,1,0,0,1
34,2,7,1,0,0,1,0,1,1
34,2,7,1,0,0,1,0,1,1
34,2,7,1,0,0,1,0,1,1
32,1,7,1,0,0,1,0,0,1
31,1,7,1,0,0,1,0,0,1
34,1,7,1,0,0,1,0,0,1
33,1,7,1,0,0,1,0,0,1
34,1,7,1,0,0,1,0,0,1
32,1,7,1,0,0,1,0,0,1
32,1,7,1,0,0,1,0,0,1
65,2,9,1,0,0,1,0,0,1
66,2,9,1,0,0,1,0,0,1
63,2,9,1,0,0,1,0,0,1
61,2,9,1,0,0,1,0,0,1
62,2,9,1,0,0,1,0,0,1
63,2,9,1,0,0,1,0,0,1
64,2,9,1,0,0,1,1,0,1
64,2,9,1,0,0,1,0,0,1
68,2,9,1,0,0,1,0,0,1
59,2,9,1,0,0,1,0,0,1
48,1,7,1,0,0,1,0,0,1
48,1,7,1,0,0,1,0,0,1
46,1,7,1,0,0,1,0,0,1
53,1,7,1,0,0,1,0,0,1
46,1,7,1,0,0,1,0,0,1
49,1,7,1,0,0,1,0,0,1
45,1,7,1,0,0,1,0,0,1
50,1,7,1,0,0,1,0,0,1
49,1,7,1,0,0,1,0,0,1
50,1,7,1,0,0,1,0,0,1
46,1,6,1,0,0,1,0,0,1
41,1,6,1,0,0,1,0,0,1
40,1,6,1,0,0,1,0,0,1
41,1,6,1,0,0,1,0,0,1
42,1,6,1,0,0,1,0,0,1
45,1,6,1,0,0,1,0,0,1
46,1,6,1,0,0,1,0,0,1
40,1,6,1,0,0,1,0,0,1
46,1,6,1,0,0,1,0,0,1
48,1,6,1,0,0,1,0,0,1
44,1,6,1,0,0,1,0,0,1
40,1,7,1,0,0,1,0,0,1
43,1,6,1,0,0,1,0,0,1
44,1,6,1,0,0,1,0,0,1
44,1,6,1,0,0,1,0,0,1
46,1,7,1,0,0,1,0,0,1
39,1,6,1,0,0,1,0,0,1
39,1,6,1,0,0,1,0,0,1
47,1,6,1,0,0,1,0,0,1
46,1,6,1,0,0,1,0,0,1
44,1,6,1,0,0,1,0,0,1
44,1,6,1,0,0,1,0,0,1
36,1,6,1,0,0,1,0,0,1
43,1,6,1,0,0,1,0,0,1
44,1,6,1,0,0,1,0,0,1
43,1,6,1,0,0,1,0,0,1
45,1,6,1,0,0,1,0,0,1
40,1,5,1,0,0,1,0,0,1
48,1,6,1,0,0,1,0,0,1
43,1,6,1,0,0,1,0,0,1
40,1,6,1,0,0,1,0,0,1
41,1,6,1,0,0,1,0,0,1
40,1,6,1,0,0,1,0,0,1
37,1,6,1,0,0,1,1,0,1
39,1,6,1,0,0,1,0,0,1
41,1,6,1,0,0,1,0,0,1
43,1,6,1,0,0,1,0,0,1
39,1,6,1,0,0,1,0,0,1
39,1,6,1,0,0,1,0,0,1
43,1,6,1,0,0,1,1,0,1
39,1,6,1,0,0,1,0,0,1
44,1,7,1,0,0,1,0,0,1
40,1,7,1,0,0,1,0,0,1
41,1,6,1,0,0,1,0,0,1
49,1,6,1,0,0,1,0,0,1
39,1,6,1,0,0,1,0,0,1
45,1,6,1,0,0,1,0,0,1
42,1,6,1,0,0,1,0,0,1
43,1,6,1,0,0,1,0,0,1
45,1,6,1,0,0,1,0,0,1
44,1,6,1,0,0,1,0,0,1
38,1,6,1,0,0,1,0,0,1
43,1,6,1,0,0,1,0,0,1
44,1,6,1,0,0,1,1,0,1
42,1,6,1,0,0,1,0,0,1
47,1,6,1,0,0,1,0,0,1
34,1,6,1,0,0,1,0,0,1
47,1,6,1,0,0,1,0,0,1
37,1,6,1,0,0,1,0,0,1
50,1,6,1,0,0,1,1,0,1
39,1,6,1,0,0,1,0,0,1
44,1,6,1,0,0,1,0,0,1
39,1,6,1,0,0,1,0,0,1
46,1,6,1,0,0,1,0,0,1
38,1,6,1,0,0,1,0,0,1
39,1,6,1,0,0,1,0,0,1
45,1,6,1,0,0,1,0,0,1
49,1,6,1,0,0,1,0,0,1
38,1,6,1,0,0,1,0,0,1
40,1,6,1,0,0,1,0,0,1
46,1,6,1,0,0,1,0,0,1
46,1,6,1,0,0,1,0,0,1
45,1,6,1,0,0,1,0,0,1
40,1,6,1,0,0,1,0,0,1
41,1,6,1,0,0,1,0,0,1
42,1,6,1,0,0,1,0,0,1
47,1,6,1,0,0,1,0,0,1
47,1,6,1,0,0,1,0,0,1
44,1,6,1,0,0,1,0,0,1
44,1,6,1,0,0,1,0,0,1
38,1,6,1,0,0,1,0,0,1
47,1,7,1,0,0,1,0,0,1
46,1,6,1,0,0,1,0,0,1
42,1,6,1,0,0,1,0,0,1
38,1,6,1,0,0,1,0,0,1
38,1,6,1,0,0,1,0,0,1
44,1,7,1,0,0,1,0,0,1
40,1,6,1,0,0,1,0,0,1
41,1,7,1,0,0,1,0,0,1
43,1,6,1,0,0,1,0,0,1
41,1,6,1,0,0,1,1,0,1
36,1,6,1,0,0,1,0,0,1
39,1,6,1,0,0,1,0,0,1
38,1,6,1,0,0,1,1,0,1
32,1,6,1,0,0,1,0,0,1
41,1,6,1,0,0,1,0,0,1
41,1,6,1,0,0,1,1,0,1
39,1,6,1,0,0,1,0,0,1
38,1,6,1,0,0,1,0,0,1
45,1,6,1,0,0,1,1,0,1
42,1,6,1,0,0,1,0,0,1
39,1,7,1,0,0,1,0,0,1
37,1,6,1,0,0,1,0,0,1
45,1,6,1,0,0,1,0,0,1
45,1,6,1,0,0,1,0,0,1
41,1,6,1,0,0,1,0,0,1
47,1,6,1,0,0,1,0,0,1
44,1,6,1,0,0,1,0,0,1
40,1,6,1,0,0,1,0,0,1
41,1,6,1,0,0,1,1,0,1
39,1,6,1,0,0,1,0,0,1
43,1,7,1,0,0,1,0,0,1
37,1,6,1,0,0,1,0,0,1
45,1,6,1,0,0,1,0,0,1
44,1,6,1,0,0,1,0,0,1
50,1,6,1,0,0,1,0,0,1
43,1,6,1,0,0,1,0,0,1
43,1,6,1,0,0,1,0,0,1
39,1,6,1,0,0,1,0,0,1
39,1,6,1,0,0,1,0,0,1
42,1,6,1,0,0,1,0,0,1
39,1,6,1,0,0,1,0,0,1
38,1,6,1,0,0,1,0,0,1
41,1,6,1,0,0,1,0,0,1
43,1,7,1,0,0,1,0,0,1
43,1,6,1,0,0,1,0,0,1
40,1,6,1,0,0,1,0,0,1
35,1,6,1,0,0,1,0,0,1
40,1,6,1,0,0,1,0,0,1
41,1,6,1,0,0,1,0,0,1
44,1,7,1,0,0,1,0,0,1
43,1,6,1,0,0,1,0,0,1
40,1,7,1,0,0,1,0,0,1
41,1,6,1,0,0,1,0,0,1
42,1,6,1,0,0,1,0,0,1
45,1,6,1,0,0,1,0,0,1
45,1,6,1,0,0,1,0,0,1
39,1,6,1,0,0,1,0,0,1
42,1,7,1,0,0,1,0,0,1
43,1,6,1,0,0,1,0,0,1
32,1,5,1,0,0,1,1,0,1
32,1,5,1,0,0,0,0,0,1
33,1,5,1,0,0,1,0,0,1
33,1,5,1,0,0,1,0,0,1
31,1,5,1,0,0,1,0,0,1
34,1,5,1,0,0,1,0,0,1
33,1,5,1,0,0,1,0,0,1
32,1,5,1,0,0,1,1,0,1
33,1,5,1,0,0,1,0,0,1
34,1,5,1,0,0,1,0,0,1
42,1,7,1,0,0,1,0,0,1
45,1,6,1,0,0,1,0,0,1
41,1,6,1,0,0,1,0,0,1
40,1,6,1,0,0,1,1,0,1
43,1,6,1,0,0,1,0,0,1
42,1,6,1,0,0,1,0,0,1
45,1,6,1,0,0,1,0,0,1
42,1,6,1,0,0,1,0,0,1
42,1,6,1,0,0,1,0,0,1
48,1,7,1,0,0,1,0,0,1
50,4,6,1,0,0,1,0,0,1
48,2,7,1,0,0,1,0,0,1
42,2,7,1,0,0,1,0,0,1
55,4,6,1,0,0,1,0,0,1
65,3,9,1,0,0,1,1,0,1
54,3,6,1,0,0,1,0,0,1
55,3,7,1,0,0,1,0,0,1
62,3,8,1,0,0,1,0,0,1
49,3,7,1,0,0,1,0,0,1
47,2,7,1,0,0,1,0,0,1
71,2,10,1,0,0,1,0,0,1
76,2,10,1,0,0,1,0,0,1
81,2,10,1,0,0,1,0,0,1
64,2,9,1,0,0,1,1,0,1
76,2,10,1,0,0,1,0,0,1
69,2,10,1,0,0,1,0,0,1
77,2,10,1,0,0,1,0,0,1
75,2,10,1,0,0,1,0,0,1
68,2,10,1,0,0,1,0,0,1
75,2,10,1,0,0,1,0,0,1
37,1,6,1,0,0,1,0,0,1
37,1,5,1,0,0,1,0,0,1
43,1,6,1,0,0,1,0,0,1
40,1,6,1,0,0,1,1,0,1
38,1,5,1,0,0,1,0,0,1
39,1,6,1,0,0,1,1,0,1
35,1,6,1,0,0,1,0,0,1
43,1,6,1,0,0,1,1,0,1
40,1,6,1,0,0,1,0,0,1
41,1,5,1,0,0,1,0,0,1
39,1,6,1,0,0,1,0,0,1
38,1,6,1,0,0,1,0,0,1
41,1,6,1,0,0,1,0,0,1
38,1,5,1,0,0,1,0,0,1
39,1,6,1,0,0,1,0,0,1
39,1,6,1,0,0,1,0,0,1
40,1,6,1,0,0,1,0,0,1
37,1,5,1,0,0,1,0,0,1
38,1,6,1,0,0,1,0,0,1
43,1,6,1,0,0,1,0,0,1
40,1,6,1,0,0,1,0,0,1
41,1,6,1,0,0,1,1,0,1
40,1,6,1,0,0,1,0,0,1
36,1,6,1,0,0,1,0,0,1
40,1,6,1,0,0,1,1,0,1
42,1,6,1,0,0,1,0,0,1
38,1,5,1,0,0,1,0,0,1
34,1,6,1,0,0,1,0,0,1
39,1,6,1,0,0,1,0,0,1
38,1,6,1,0,0,1,1,0,1
40,1,6,1,0,0,1,0,0,1
42,1,6,1,0,0,1,0,0,1
38,1,6,1,0,0,1,1,0,1
39,1,6,1,0,0,1,0,0,1
40,1,6,1,0,0,1,0,0,1
38,1,6,1,0,0,1,0,0,1
44,1,6,1,0,0,1,0,0,1
38,1,6,1,0,0,1,0,0,1
40,1,6,1,0,0,1,0,0,1
35,1,6,1,0,0,1,0,0,1
41,1,6,1,0,0,1,0,0,1
39,1,6,1,0,0,1,0,0,1
37,1,6,1,0,0,1,1,0,1
38,1,6,1,0,0,1,0,0,1
40,1,6,1,0,0,1,0,0,1
38,1,6,1,0,0,1,0,0,1
42,1,7,1,0,0,1,0,0,1
34,1,6,1,0,0,1,1,0,1
41,1,6,1,0,0,1,0,0,1
41,1,6,1,0,0,1,0,0,1
41,1,6,1,0,0,1,0,0,1
38,1,6,1,0,0,1,0,0,1
40,1,6,1,0,0,1,1,0,1
38,1,6,1,0,0,1,0,0,1
34,1,6,1,0,0,1,0,0,1
37,1,6,1,0,0,1,0,0,1
35,1,5,1,0,0,1,1,0,1
37,1,6,1,0,0,1,1,0,1
38,1,6,1,0,0,1,0,0,1
38,1,6,1,0,0,1,0,0,1
42,1,6,1,0,0,1,0,0,1
38,1,6,1,0,0,1,0,0,1
40,1,6,1,0,0,1,0,0,1
43,1,6,1,0,0,1,0,0,1
43,1,6,1,0,0,1,0,0,1
40,1,6,1,0,0,1,0,0,1
39,1,6,1,0,0,1,0,0,1
38,1,6,1,0,0,1,0,0,1
38,1,6,1,0,0,1,0,0,1
42,1,6,1,0,0,1,0,0,1
35,1,6,1,0,0,1,0,0,1
43,1,6,1,0,0,1,0,0,1
36,1,6,1,0,0,1,0,0,1
39,1,6,1,0,0,1,0,0,1
42,1,6,1,0,0,1,0,0,1
36,1,5,1,0,0,1,0,0,1
41,1,6,1,0,0,1,0,0,1
40,1,6,1,0,0,1,0,0,1
43,1,7,1,0,0,1,0,0,1
37,1,6,1,0,0,1,0,0,1
36,1,6,1,0,0,1,0,0,1
34,1,6,1,0,0,1,0,0,1
38,1,6,1,0,0,1,0,0,1
39,1,5,1,0,0,1,0,0,1
45,1,6,1,0,0,1,0,0,1
42,1,6,1,0,0,1,1,0,1
48,1,6,1,0,0,1,0,0,1
37,1,6,1,0,0,1,0,0,1
41,1,6,1,0,0,1,0,0,1
36,1,5,1,0,0,1,0,0,1
33,1,5,1,0,0,1,1,0,1
35,1,6,1,0,0,1,0,0,1
39,1,6,1,0,0,1,0,0,1
37,1,6,1,0,0,1,0,0,1
40,1,5,1,0,0,1,0,0,1
40,1,5,1,0,0,1,0,0,1
38,1,6,1,0,0,1,0,0,1
43,1,6,1,0,0,1,0,0,1
41,1,6,1,0,0,1,0,0,1
39,1,5,1,0,0,1,0,0,1
36,1,5,1,0,0,1,0,0,1
37,1,6,1,0,0,1,0,0,1
39,1,6,1,0,0,1,0,0,1
41,1,6,1,0,0,1,0,0,1
37,1,6,1,0,0,1,0,0,1
40,1,6,1,0,0,1,0,0,1
41,1,6,1,0,0,1,0,0,1
46,2,6,1,0,0,1,0,0,1
40,2,6,1,0,0,1,0,0,1
40,2,6,1,0,0,1,0,0,1
45,2,6,1,0,0,1,0,0,1
35,2,6,1,0,0,1,0,0,1
45,2,6,1,0,0,1,0,0,1
39,2,6,1,0,0,1,0,0,1
43,2,6,1,0,0,1,0,0,1
43,2,6,1,0,0,1,0,0,1
40,2,6,1,0,0,1,0,0,1
42,1,7,1,0,0,1,1,0,1
42,1,6,1,0,0,1,0,0,1
39,1,6,1,0,0,1,0,0,1
36,1,6,1,0,0,1,0,0,1
37,1,6,1,0,0,1,0,0,1
34,1,6,1,0,0,1,1,0,1
41,1,6,1,0,0,1,0,0,1
37,1,5,1,0,0,1,0,0,1
38,1,6,1,0,0,1,0,0,1
39,1,6,1,0,0,1,0,0,1
38,1,6,1,0,0,1,0,0,1
39,1,6,1,0,0,1,0,0,1
42,1,6,1,0,0,1,0,0,1
36,1,6,1,0,0,1,0,0,1
40,1,5,1,0,0,1,0,0,1
40,1,6,1,0,0,1,1,0,1
38,1,6,1,0,0,1,0,0,1
41,1,6,1,0,0,1,0,0,1
38,1,6,1,0,0,1,0,0,1
43,1,6,1,0,0,1,1,0,1
44,1,6,1,0,0,1,0,0,1
46,1,6,1,0,0,1,0,0,1
45,1,6,1,0,0,1,0,0,1
42,1,6,1,0,0,1,0,0,1
46,1,6,1,0,0,1,0,0,1
40,1,6,1,0,0,1,0,0,1
38,1,6,1,0,0,1,0,0,1
41,1,6,1,0,0,1,0,0,1
39,1,6,1,0,0,1,0,0,1
42,1,5,1,0,0,1,0,0,1
36,1,6,1,0,0,1,0,0,1
40,1,6,1,0,0,1,0,0,1
39,1,6,1,0,0,1,0,0,1
42,1,6,1,0,0,1,0,0,1
41,1,6,1,0,0,1,0,0,1
41,1,6,1,0,0,1,0,0,1
47,1,6,1,0,0,1,1,0,1
40,1,6,1,0,0,1,0,0,1
39,1,6,1,0,0,1,0,0,1
39,1,6,1,0,0,1,0,0,1
43,1,6,1,0,0,1,0,0,1
41,1,6,1,0,0,1,0,0,1
43,1,6,1,0,0,1,0,0,1
40,1,6,1,0,0,1,1,0,1
38,1,6,1,0,0,1,0,0,1
50,1,6,1,0,0,1,0,0,1
46,1,6,1,0,0,1,0,0,1
41,1,6,1,0,0,1,0,0,1
38,1,6,1,0,0,1,0,0,1
41,1,6,1,0,0,1,1,0,1
37,1,6,1,0,0,1,0,0,1
41,1,7,1,0,0,1,0,0,1
41,1,6,1,0,0,1,0,0,1
39,1,6,1,0,0,1,0,0,1
40,1,6,1,0,0,1,0,0,1
40,1,6,1,0,0,1,1,0,1
39,1,6,1,0,0,1,0,0,1
36,1,6,1,0,0,1,0,0,1
34,1,6,1,0,0,1,0,0,1
45,1,6,1,0,0,1,1,0,1
46,1,6,1,0,0,1,0,0,1
36,1,6,1,0,0,1,0,0,1
39,1,6,1,0,0,1,1,0,1
45,1,6,1,0,0,1,0,0,1
36,1,6,1,0,0,1,0,0,1
42,1,6,1,0,0,1,0,0,1
35,1,6,1,0,0,1,0,0,1
42,1,6,1,0,0,1,0,0,1
41,1,6,1,0,0,1,0,0,1
38,1,6,1,0,0,1,0,0,1
44,1,6,1,0,0,1,0,0,1
40,1,6,1,0,0,1,0,0,1
39,1,7,1,0,0,1,0,0,1
44,1,6,1,0,0,1,0,0,1
37,1,6,1,0,0,1,0,0,1
43,1,6,1,0,0,1,0,0,1
39,1,6,1,0,0,1,0,0,1
46,1,6,1,0,0,1,0,0,1
39,1,6,1,0,0,1,1,0,1
43,1,6,1,0,0,1,0,0,1
44,1,5,1,0,0,1,0,0,1
48,1,6,1,0,0,1,0,0,1
43,1,6,1,0,0,1,0,0,1
42,1,6,1,0,0,1,0,0,1
46,1,6,1,0,0,1,0,0,1
43,1,6,1,0,0,1,0,0,1
40,1,6,1,0,0,1,0,0,1
39,1,7,1,0,0,1,0,0,1
40,1,6,1,0,0,1,0,0,1
43,1,6,1,0,0,1,0,0,1
45,1,6,1,0,0,1,0,0,1
43,1,6,1,0,0,1,0,0,1
40,1,6,1,0,0,1,0,0,1
44,1,7,1,0,0,1,1,0,1
47,1,6,1,0,0,1,0,0,1
44,1,6,1,0,0,1,0,0,1
47,1,6,1,0,0,1,1,0,1
41,1,7,1,0,0,1,0,0,1
40,1,6,1,0,0,1,1,0,1
47,1,6,1,0,0,1,1,0,1
47,1,6,1,0,0,1,0,0,1
44,1,6,1,0,0,1,0,0,1
42,1,6,1,0,0,1,0,0,1
49,1,7,1,0,0,1,0,0,1
36,1,7,1,0,0,1,1,0,1
46,1,6,1,0,0,1,1,0,1
39,1,6,1,0,0,1,0,0,1
41,1,6,1,0,0,1,0,0,1
43,1,6,1,0,0,1,0,0,1
40,1,6,1,0,0,1,1,0,1
37,1,6,1,0,0,1,0,0,1
38,1,6,1,0,0,1,0,0,1
36,1,6,1,0,0,1,0,0,1
44,1,6,1,0,0,1,0,0,1
42,1,6,1,0,0,1,0,0,1
38,1,6,1,0,0,1,0,0,1
42,1,6,1,0,0,1,0,0,1
49,1,7,1,0,0,1,0,0,1
49,1,6,1,0,0,1,0,0,1
41,1,6,1,0,0,1,0,0,1
39,1,6,1,0,0,1,0,0,1
47,1,6,1,0,0,1,0,0,1
49,1,6,1,0,0,1,0,0,1
40,1,6,1,0,0,1,0,0,1
46,1,6,1,0,0,1,0,0,1
47,1,6,1,0,0,1,0,0,1
41,1,6,1,0,0,1,0,0,1
41,1,6,1,0,0,1,0,0,1
44,1,7,1,0,0,1,0,0,1
43,1,6,1,0,0,1,0,0,1
46,1,6,1,0,0,1,0,0,1
41,1,6,1,0,0,1,0,0,1
47,1,6,1,0,0,1,0,0,1
41,1,6,1,0,0,1,0,0,1
35,1,6,1,0,0,1,0,0,1
41,1,6,1,0,0,1,0,0,1
42,1,6,1,0,0,1,1,0,1
44,1,6,1,0,0,1,0,0,1
38,1,6,1,0,0,1,0,0,1
43,1,6,1,0,0,1,0,0,1
40,1,7,1,0,0,1,0,0,1
40,1,6,1,0,0,1,1,0,1
39,1,6,1,0,0,1,0,0,1
47,1,6,1,0,0,1,0,0,1
41,1,6,1,0,0,1,0,0,1
42,1,6,1,0,0,1,0,0,1
43,1,6,1,0,0,1,0,0,1
49,1,6,1,0,0,1,0,0,1
47,1,6,1,0,0,1,0,0,1
42,1,6,1,0,0,1,0,0,1
43,1,6,1,0,0,1,0,0,1
34,1,6,1,0,0,1,0,0,1
37,1,6,1,0,0,1,0,0,1
43,1,6,1,0,0,1,1,0,1
46,1,6,1,0,0,1,0,0,1
39,1,6,1,0,0,1,0,0,1
42,1,7,1,0,0,1,0,0,1
41,1,6,1,0,0,1,0,0,1
41,1,6,1,0,0,1,0,0,1
41,1,6,1,0,0,1,0,0,1
39,1,6,1,0,0,1,0,0,1
43,1,6,1,0,0,1,0,0,1
41,1,6,1,0,0,1,1,0,1
45,1,6,1,0,0,1,0,0,1
42,1,6,1,0,0,1,0,0,1
45,1,6,1,0,0,1,0,0,1
42,1,6,1,0,0,1,0,0,1
35,1,6,1,0,0,1,0,0,1
38,1,5,1,0,0,1,0,0,1
40,1,6,1,0,0,1,0,0,1
38,1,7,1,0,0,1,0,0,1
39,1,6,1,0,0,1,0,0,1
47,1,6,1,0,0,1,0,0,1
40,1,6,1,0,0,1,0,0,1
40,1,6,1,0,0,1,0,0,1
43,1,6,1,0,0,1,0,0,1
43,1,6,1,0,0,1,1,0,1
45,1,6,1,0,0,1,0,0,1
39,1,6,1,0,0,1,0,0,1
35,1,6,1,0,0,1,1,0,1
41,1,6,1,0,0,1,0,0,1
45,1,6,1,0,0,1,0,0,1
41,1,6,1,0,0,1,1,0,1
45,1,6,1,0,0,1,0,0,1
44,1,6,1,0,0,1,1,0,1
39,1,6,1,0,0,1,0,0,1
38,1,6,1,0,0,1,0,0,1
39,1,6,1,0,0,1,0,0,1
39,1,6,1,0,0,1,0,0,1
37,1,6,1,0,0,1,0,0,1
47,1,6,1,0,0,1,0,0,1
36,1,6,1,0,0,1,0,0,1
40,1,6,1,0,0,1,0,0,1
38,1,6,1,0,0,1,0,0,1
39,1,6,1,0,0,1,0,0,1
44,1,6,1,0,0,1,0,0,1
41,1,6,1,0,0,1,0,0,1
38,1,6,1,0,0,1,0,0,1
40,1,6,1,0,0,1,0,0,1
34,1,6,1,0,0,1,0,0,1
44,1,6,1,0,0,1,0,0,1
36,1,6,1,0,0,1,0,0,1
40,1,6,1,0,0,1,0,0,1
42,1,6,1,0,0,1,0,0,1
42,1,6,1,0,0,1,0,0,1
38,1,6,1,0,0,1,0,0,1
37,1,6,1,0,0,1,0,0,1
40,1,6,1,0,0,1,0,0,1
46,1,6,1,0,0,1,0,0,1
47,1,6,1,0,0,1,0,0,1
46,1,6,1,0,0,1,0,0,1
40,1,6,1,0,0,1,1,0,1
38,1,6,1,0,0,1,0,0,1
38,1,6,1,0,0,1,0,0,1
41,1,6,1,0,0,1,0,0,1
41,1,6,1,0,0,1,1,0,1
42,1,6,1,0,0,1,0,0,1
46,1,6,1,0,0,1,0,0,1
48,1,6,1,0,0,1,0,0,1
48,1,6,1,0,0,1,0,0,1
44,1,6,1,0,0,1,0,0,1
47,1,6,1,0,0,1,0,0,1
45,1,6,1,0,0,1,0,0,1
48,1,6,1,0,0,1,0,0,1
40,1,6,1,0,0,1,0,0,1
51,1,6,1,0,0,1,0,0,1
40,1,5,1,0,0,1,0,0,1
39,1,6,1,0,0,1,0,0,1
41,1,6,1,0,0,1,0,0,1
36,1,5,1,0,0,1,0,0,1
37,1,6,1,0,0,1,0,0,1
42,1,6,1,0,0,1,0,0,1
38,1,6,1,0,0,1,1,0,1
41,1,6,1,0,0,1,0,0,1
41,1,6,1,0,0,1,0,0,1
41,1,6,1,0,0,1,0,0,1
38,1,5,1,0,0,1,0,0,1
37,1,6,1,0,0,1,0,0,1
40,1,6,1,0,0,1,0,0,1
39,1,6,1,0,0,1,0,0,1
38,1,6,1,0,0,1,0,0,1
36,1,6,1,0,0,1,0,0,1
43,1,6,1,0,0,1,0,0,1
36,1,6,1,0,0,1,0,0,1
38,1,6,1,0,0,1,0,0,1
39,1,6,1,0,0,1,0,0,1
43,1,6,1,0,0,1,0,0,1
43,1,6,1,0,0,1,0,0,1
41,1,6,1,0,0,1,0,0,1
40,1,6,1,0,0,1,1,0,1
41,1,6,1,0,0,1,1,0,1
41,1,6,1,0,0,1,0,0,1
41,1,6,1,0,0,1,0,0,1
41,1,6,1,0,0,1,0,0,1
40,1,6,1,0,0,1,0,0,1
34,1,6,1,0,0,1,0,0,1
41,1,6,1,0,0,1,1,0,1
39,1,6,1,0,0,1,0,0,1
33,1,6,1,0,0,1,0,0,1
37,1,6,1,0,0,1,0,0,1
38,1,6,1,0,0,1,0,0,1
38,1,6,1,0,0,1,0,0,1
39,1,6,1,0,0,1,0,0,1
35,1,6,1,0,0,1,0,0,1
43,1,6,1,0,0,1,0,0,1
36,1,6,1,0,0,1,0,0,1
37,1,6,1,0,0,1,0,0,1
40,1,6,1,0,0,1,0,0,1
38,1,6,1,0,0,1,0,0,1
38,1,6,1,0,0,1,0,0,1
37,1,6,1,0,0,1,0,0,1
43,1,6,1,0,0,1,0,0,1
39,1,6,1,0,0,1,1,0,1
37,1,6,1,0,0,1,0,0,1
41,1,6,1,0,0,1,0,0,1
46,1,6,1,0,0,1,0,0,1
39,1,6,1,0,0,1,1,0,1
45,1,6,1,0,0,1,0,0,1
47,1,6,1,0,0,1,0,0,1
39,1,6,1,0,0,1,0,0,1
39,1,6,1,0,0,1,1,0,1
39,1,6,1,0,0,1,0,0,1
38,1,6,1,0,0,1,0,0,1
39,1,6,1,0,0,1,0,0,1
36,1,6,1,0,0,1,0,0,1
38,1,6,1,0,0,1,0,0,1
37,1,6,1,0,0,1,0,0,1
36,1,6,1,0,0,1,0,0,1
39,1,6,1,0,0,1,0,0,1
36,1,6,1,0,0,1,0,0,1
39,1,6,1,0,0,1,0,0,1
36,1,6,1,0,0,1,0,0,1
37,1,6,1,0,0,1,0,0,1
38,1,6,1,0,0,1,0,0,1
43,1,6,1,0,0,1,0,0,1
35,1,6,1,0,0,1,0,0,1
41,1,6,1,0,0,1,0,0,1
40,1,6,1,0,0,1,0,0,1
44,1,6,1,0,0,1,1,0,1
34,1,6,1,0,0,1,1,0,1
39,1,6,1,0,0,1,0,0,1
39,1,6,1,0,0,1,0,0,1
38,1,6,1,0,0,1,0,0,1
32,1,6,1,0,0,1,1,0,1
41,1,6,1,0,0,1,0,0,1
42,1,6,1,0,0,1,0,0,1
40,1,6,1,0,0,1,1,0,1
38,1,7,1,0,0,1,0,0,1
44,1,6,1,0,0,1,1,0,1
42,1,6,1,0,0,1,0,0,1
35,1,6,1,0,0,1,0,0,1
44,1,6,1,0,0,1,0,0,1
47,1,6,1,0,0,1,0,0,1
39,1,6,1,0,0,1,0,0,1
45,1,6,1,0,0,1,0,0,1
36,1,6,1,0,0,1,0,0,1
43,1,6,1,0,0,1,0,0,1
48,1,6,1,0,0,1,0,0,1
40,1,7,1,0,0,1,0,0,1
48,1,6,1,0,0,1,0,0,1
39,1,6,1,0,0,1,0,0,1
48,1,6,1,0,0,1,0,0,1
37,1,6,1,0,0,1,0,0,1
39,1,6,1,0,0,1,0,0,1
40,1,6,1,0,0,1,0,0,1
39,1,6,1,0,0,1,0,0,1
43,1,6,1,0,0,1,0,0,1
40,1,5,1,0,0,1,0,0,1
46,1,6,1,0,0,1,0,0,1
45,1,6,1,0,0,1,0,0,1
46,1,6,1,0,0,1,0,0,1
40,1,6,1,0,0,1,0,0,1
38,1,6,1,0,0,1,0,0,1
44,1,6,1,0,0,1,0,0,1
45,1,6,1,0,0,1,0,0,1
45,1,6,1,0,0,1,0,0,1
43,1,6,1,0,0,1,0,0,1
41,1,6,1,0,0,1,0,0,1
37,1,6,1,0,0,1,0,0,1
42,1,6,1,0,0,1,0,0,1
44,1,6,1,0,0,1,0,0,1
39,1,6,1,0,0,1,0,0,1
43,1,6,1,0,0,1,0,0,1
42,1,6,1,0,0,1,0,0,1
46,1,6,1,0,0,1,1,0,1
45,1,6,1,0,0,1,0,0,1
40,1,6,1,0,0,1,1,0,1
42,1,6,1,0,0,1,0,0,1
44,1,6,1,0,0,1,0,0,1
40,1,6,1,0,0,1,0,0,1
40,1,6,1,0,0,1,0,0,1
41,1,6,1,0,0,1,1,0,1
42,1,6,1,0,0,1,0,0,1
43,1,6,1,0,0,1,0,0,1
40,1,6,1,0,0,1,0,0,1
40,1,6,1,0,0,1,0,0,1
40,1,6,1,0,0,1,1,0,1
42,1,6,1,0,0,1,0,0,1
44,1,6,1,0,0,1,0,0,1
43,1,6,1,0,0,1,1,0,1
49,1,6,1,0,0,1,1,0,1
46,1,6,1,0,0,1,0,0,1
41,1,6,1,0,0,1,0,0,1
42,1,6,1,0,0,1,1,0,1
45,1,6,1,0,0,1,0,0,1
44,1,6,1,0,0,1,0,0,1
40,1,6,1,0,0,1,0,0,1
46,1,6,1,0,0,1,0,0,1
39,1,6,1,0,0,1,0,0,1
40,1,6,1,0,0,1,1,0,1
51,1,6,1,0,0,1,0,0,1
48,1,6,1,0,0,1,0,0,1
40,1,6,1,0,0,1,0,0,1
43,1,6,1,0,0,1,0,0,1
47,1,6,1,0,0,1,0,0,1
42,1,7,1,0,0,1,0,0,1
47,1,6,1,0,0,1,0,0,1
47,1,6,1,0,0,1,0,0,1
39,1,6,1,0,0,1,0,0,1
42,1,6,1,0,0,1,0,0,1
40,1,6,1,0,0,1,0,0,1
50,1,6,1,0,0,1,0,0,1
45,1,6,1,0,0,1,0,0,1
47,1,6,1,0,0,1,0,0,1
35,1,6,1,0,0,1,0,0,1
43,1,6,1,0,0,1,0,0,1
44,1,6,1,0,0,1,1,0,1
43,1,6,1,0,0,1,0,0,1
42,1,6,1,0,0,1,0,0,1
44,1,6,1,0,0,1,1,0,1
40,1,6,1,0,0,1,0,0,1
40,1,6,1,0,0,1,1,0,1
45,1,6,1,0,0,1,0,0,1
47,1,6,1,0,0,1,0,0,1
44,1,6,1,0,0,1,0,0,1
42,1,6,1,0,0,1,0,0,1
38,1,6,1,0,0,1,0,0,1
47,1,6,1,0,0,1,0,0,1
45,1,6,1,0,0,1,0,0,1
40,1,6,1,0,0,1,0,0,1
38,1,6,1,0,0,1,0,0,1
45,1,6,1,0,0,1,0,0,1
44,1,6,1,0,0,1,0,0,1
38,1,6,1,0,0,1,0,0,1
48,1,6,1,0,0,1,0,0,1
41,1,6,1,0,0,1,0,0,1
42,1,6,1,0,0,1,0,0,1
49,1,6,1,0,0,1,0,0,1
38,1,6,1,0,0,1,0,0,1
44,1,6,1,0,0,1,0,0,1
39,1,6,1,0,0,1,0,0,1
36,1,6,1,0,0,1,0,0,1
42,1,6,1,0,0,1,1,0,1
43,1,6,1,0,0,1,0,0,1
39,1,6,1,0,0,1,0,0,1
41,1,6,1,0,0,1,0,0,1
40,1,6,1,0,0,1,0,0,1
48,1,6,1,0,0,1,0,0,1
40,1,6,1,0,0,1,0,0,1
45,1,6,1,0,0,1,0,0,1
42,1,6,1,0,0,1,0,0,1
42,1,6,1,0,0,1,0,0,1
46,1,6,1,0,0,1,0,0,1
40,1,6,1,0,0,1,0,0,1
44,1,7,1,0,0,1,0,0,1
43,1,6,1,0,0,1,0,0,1
45,1,6,1,0,0,1,0,0,1
44,1,7,1,0,0,1,0,0,1
38,1,6,1,0,0,1,1,0,1
46,1,6,1,0,0,1,0,0,1
43,1,6,1,0,0,1,1,0,1
44,1,6,1,0,0,1,0,0,1
45,1,6,1,0,0,1,0,0,1
38,1,6,1,0,0,1,0,0,1
37,1,6,1,0,0,1,0,0,1
46,1,6,1,0,0,1,0,0,1
38,1,6,1,0,0,1,0,0,1
39,1,6,1,0,0,1,0,0,1
47,1,6,1,0,0,1,0,0,1
39,1,6,1,0,0,1,0,0,1
40,1,6,1,0,0,1,0,0,1
44,1,6,1,0,0,1,0,0,1
39,1,6,1,0,0,1,0,0,1
39,1,6,1,0,0,1,0,0,1
41,1,6,1,0,0,1,0,0,1
40,1,6,1,0,0,1,0,0,1
35,1,6,1,0,0,1,0,0,1
38,1,6,1,0,0,1,0,0,1
32,1,6,1,0,0,1,0,0,1
43,1,6,1,0,0,1,0,0,1
36,1,6,1,0,0,1,0,0,1
39,1,6,1,0,0,1,0,0,1
36,1,6,1,0,0,1,0,0,1
38,1,6,1,0,0,1,0,0,1
46,1,7,1,0,0,1,0,0,1
41,1,6,1,0,0,1,0,0,1
38,1,6,1,0,0,1,0,0,1
43,1,6,1,0,0,1,1,0,1
44,1,6,1,0,0,1,0,0,1
39,1,6,1,0,0,1,0,0,1
38,1,7,1,0,0,1,0,0,1
43,1,7,1,0,0,1,0,0,1
40,1,6,1,0,0,1,0,0,1
41,1,6,1,0,0,1,0,0,1
40,1,6,1,0,0,1,0,0,1
41,1,6,1,0,0,1,0,0,1
45,1,6,1,0,0,1,0,0,1
40,1,6,1,0,0,1,1,0,1
42,1,6,1,0,0,1,0,0,1
44,1,7,1,0,0,1,1,0,1
37,1,6,1,0,0,1,0,0,1
45,1,6,1,0,0,1,0,0,1
39,1,6,1,0,0,1,0,0,1
37,1,6,1,0,0,1,0,0,1
44,1,6,1,0,0,1,0,0,1
37,1,6,1,0,0,1,0,0,1
46,1,6,1,0,0,1,0,0,1
38,1,6,1,0,0,1,0,0,1
37,1,6,1,0,0,1,0,0,1
44,1,6,1,0,0,1,0,0,1
42,1,6,1,0,0,1,0,0,1
37,1,6,1,0,0,1,0,0,1
45,1,6,1,0,0,1,0,0,1
40,1,6,1,0,0,1,1,0,1
38,1,6,1,0,0,1,0,0,1
38,1,6,1,0,0,1,0,0,1
42,1,6,1,0,0,1,0,0,1
47,1,6,1,0,0,1,0,0,1
43,1,6,1,0,0,1,0,0,1
38,1,6,1,0,0,1,0,0,1
47,1,6,1,0,0,1,0,0,1
42,1,6,1,0,0,1,0,0,1
36,1,6,1,0,0,1,0,0,1
40,1,6,1,0,0,1,0,0,1
41,1,6,1,0,0,1,0,0,1
39,1,6,1,0,0,1,0,0,1
45,1,6,1,0,0,1,0,0,1
39,1,6,1,0,0,1,0,0,1
41,1,6,1,0,0,1,0,0,1
44,1,6,1,0,0,1,0,0,1
37,1,6,1,0,0,1,1,0,1
46,1,6,1,0,0,1,0,0,1
48,1,6,1,0,0,1,1,0,1
47,1,6,1,0,0,1,1,0,1
46,1,6,1,0,0,1,0,0,1
42,1,6,1,0,0,1,0,0,1
42,1,6,1,0,0,1,0,0,1
42,1,6,1,0,0,1,0,0,1
46,1,6,1,0,0,1,0,0,1
42,1,6,1,0,0,1,1,0,1
39,1,6,1,0,0,1,0,0,1
44,1,6,1,0,0,1,1,0,1
45,1,6,1,0,0,1,0,0,1
46,1,6,1,0,0,1,0,0,1
43,1,6,1,0,0,1,0,0,1
36,1,6,1,0,0,1,1,0,1
42,1,6,1,0,0,1,0,0,1
45,1,6,1,0,0,1,0,0,1
38,1,6,1,0,0,1,1,0,1
48,1,6,1,0,0,1,0,0,1
47,1,6,1,0,0,1,0,0,1
40,1,6,1,0,0,1,0,0,1
44,1,6,1,0,0,1,0,0,1
42,1,6,1,0,0,1,0,0,1
42,1,6,1,0,0,1,0,0,1
43,1,6,1,0,0,1,0,0,1
43,1,6,1,0,0,1,0,0,1
45,1,6,1,0,0,1,1,0,1
40,1,6,1,0,0,1,0,0,1
38,1,6,1,0,0,1,0,0,1
44,1,6,1,0,0,1,0,0,1
50,1,6,1,0,0,1,0,0,1
42,1,6,1,0,0,1,0,0,1
39,1,6,1,0,0,1,0,0,1
39,1,6,1,0,0,1,0,0,1
48,1,6,1,0,0,1,0,0,1
47,1,6,1,0,0,1,0,0,1
44,1,6,1,0,0,1,0,0,1
32,1,6,1,0,0,1,0,0,1
37,1,6,1,0,0,1,0,0,1
40,1,6,1,0,0,1,0,0,1
39,1,6,1,0,0,1,1,0,1
43,1,6,1,0,0,1,0,0,1
43,1,6,1,0,0,1,0,0,1
39,1,6,1,0,0,1,1,0,1
36,1,6,1,0,0,1,0,0,1
42,1,6,1,0,0,1,0,0,1
64,2,8,1,0,0,1,0,1,1
59,2,8,1,0,0,1,0,1,1
60,2,7,1,0,0,1,0,1,1
66,2,8,1,0,0,1,0,1,1
60,2,8,1,0,0,1,0,1,1
58,2,7,1,0,0,1,0,1,1
61,2,7,1,0,0,1,0,1,1
59,2,7,1,0,0,1,1,1,1
62,2,8,1,0,0,1,0,1,1
58,2,8,1,0,0,1,0,1,1
43,1,6,1,0,0,1,0,0,1
43,1,6,1,0,0,1,0,0,1
45,1,6,1,0,0,1,0,0,1
42,1,6,1,0,0,1,0,0,1
43,1,6,1,0,0,1,0,0,1
40,1,6,1,0,0,1,0,0,1
38,1,6,1,0,0,1,1,0,1
37,1,6,1,0,0,1,0,0,1
36,1,6,1,0,0,1,1,0,1
42,1,6,1,0,0,1,0,0,1
60,1,7,1,0,0,1,0,0,1
57,1,7,1,0,0,1,0,0,1
57,1,7,1,0,0,1,0,0,1
59,1,7,1,0,0,1,1,0,1
59,1,9,1,0,0,1,0,0,1
54,1,7,1,0,0,1,0,0,1
70,1,7,1,0,0,1,1,0,1
72,1,7,1,0,0,1,0,0,1
60,1,7,1,0,0,1,0,0,1
64,1,7,1,0,0,1,0,0,1
53,1,9,1,0,0,1,0,0,1
55,1,7,1,0,0,1,0,0,1
62,1,8,1,0,0,1,0,0,1
63,1,8,1,0,0,1,0,0,1
51,1,8,1,0,0,1,0,0,1
53,1,7,1,0,0,1,0,0,1
50,1,7,1,0,0,1,0,0,1
53,1,7,1,0,0,1,0,0,1
54,1,7,1,0,0,1,0,0,1
53,1,7,1,0,0,1,0,0,1
49,1,7,1,0,0,1,0,0,1
50,1,7,1,0,0,1,1,0,1
46,1,6,1,0,0,1,0,0,1
40,1,6,1,0,0,1,0,0,1
57,1,8,1,0,0,1,1,0,1
59,1,8,1,0,0,1,0,0,1
46,1,7,1,0,0,1,0,0,1
45,1,7,1,0,0,1,0,0,1
41,1,6,1,0,0,1,0,0,1
42,1,6,1,0,0,1,0,0,1
53,1,7,1,0,0,1,0,0,1
51,1,7,1,0,0,1,1,0,1
47,1,7,1,0,0,1,0,0,1
45,1,7,1,0,0,1,0,0,1
47,1,7,1,0,0,1,0,0,1
48,1,7,1,0,0,1,0,0,1
41,1,7,1,0,0,1,0,0,1
48,1,7,1,0,0,1,0,0,1
48,1,7,1,0,0,1,0,0,1
44,1,7,1,0,0,1,0,0,1
69,1,10,1,0,0,1,1,0,1
57,1,8,1,0,0,1,0,0,1
52,1,8,1,0,0,1,0,0,1
48,1,7,1,0,0,1,0,0,1
54,1,8,1,0,0,1,0,0,1
49,1,7,1,0,0,1,0,0,1
51,1,7,1,0,0,1,0,0,1
50,1,7,1,0,0,1,0,0,1
50,1,7,1,0,0,1,0,0,1
43,1,7,1,0,0,1,0,0,1
57,1,7,1,0,0,1,0,0,1
46,1,7,1,0,0,1,0,0,1
48,1,8,1,0,0,1,1,0,1
47,1,7,1,0,0,1,0,0,1
46,1,7,1,0,0,1,0,0,1
47,1,7,1,0,0,1,1,0,1
49,1,7,1,0,0,1,0,0,1
49,1,7,1,0,0,1,0,0,1
45,1,7,1,0,0,1,1,0,1
48,1,6,1,0,0,1,0,0,1
44,1,7,1,0,0,1,0,0,1
50,1,6,1,0,0,1,0,0,1
51,1,7,1,0,0,1,0,0,1
49,1,7,1,0,0,1,0,0,1
55,1,7,1,0,0,1,0,0,1
46,1,7,1,0,0,1,0,0,1
49,1,7,1,0,0,1,0,0,1
44,1,7,1,0,0,1,0,0,1
52,1,7,1,0,0,1,0,0,1
49,1,6,1,0,0,1,0,0,1
59,1,8,1,0,0,1,0,0,1
49,1,7,1,0,0,1,0,0,1
50,1,7,1,0,0,1,0,0,1
60,1,7,1,0,0,1,0,0,1
52,1,7,1,0,0,1,0,0,1
55,1,7,1,0,0,1,0,0,1
53,1,7,1,0,0,1,0,0,1
54,1,8,1,0,0,1,0,0,1
54,1,7,1,0,0,1,0,0,1
60,1,7,1,0,0,1,0,0,1
48,1,7,1,0,0,1,0,0,1
55,1,7,1,0,0,1,0,0,1
50,1,7,1,0,0,1,0,0,1
55,1,7,1,0,0,1,0,0,1
57,1,7,1,0,0,1,0,0,1
47,1,7,1,0,0,1,0,0,1
52,1,7,1,0,0,1,0,0,1
48,1,7,1,0,0,1,1,0,1
55,1,7,1,0,0,1,0,0,1
54,1,6,1,0,0,1,0,0,1
50,1,7,1,0,0,1,0,0,1
51,1,6,1,0,0,1,0,0,1
55,1,7,1,0,0,1,0,0,1
51,1,7,1,0,0,1,0,0,1
55,1,7,1,0,0,1,0,0,1
52,1,7,1,0,0,1,0,0,1
54,1,7,1,0,0,1,0,0,1
54,1,6,1,0,0,1,0,0,1
51,1,7,1,0,0,1,0,0,1
47,1,7,1,0,0,1,0,0,1
56,1,7,1,0,0,1,0,0,1
50,1,7,1,0,0,1,0,0,1
48,1,7,1,0,0,1,0,0,1
47,1,7,1,0,0,1,1,0,1
55,1,7,1,0,0,1,0,0,1
44,1,7,1,0,0,1,0,0,1
54,1,7,1,0,0,1,0,0,1
49,1,7,1,0,0,1,0,0,1
46,1,7,1,0,0,1,0,0,1
46,1,7,1,0,0,1,0,0,1
54,1,7,1,0,0,1,0,0,1
46,1,7,1,0,0,1,0,0,1
54,1,7,1,0,0,1,0,0,1
49,1,7,1,0,0,1,1,0,1
43,1,7,1,0,0,1,0,0,1
47,1,7,1,0,0,1,0,0,1
47,1,7,1,0,0,1,1,0,1
55,1,7,1,0,0,1,0,0,1
53,1,7,1,0,0,1,0,0,1
45,1,7,1,0,0,1,0,0,1
51,1,7,1,0,0,1,1,0,1
48,1,7,1,0,0,1,0,0,1
53,1,7,1,0,0,1,0,0,1
50,1,7,1,0,0,1,0,0,1
48,1,8,1,0,0,1,0,0,1
51,1,7,1,0,0,1,0,0,1
53,1,7,1,0,0,1,1,0,1
54,1,7,1,0,0,1,0,0,1
51,1,7,1,0,0,1,0,0,1
51,1,7,1,0,0,1,0,0,1
45,1,7,1,0,0,1,0,0,1
47,1,7,1,0,0,1,0,0,1
44,1,7,1,0,0,1,0,0,1
49,1,7,1,0,0,1,1,0,1
48,1,7,1,0,0,1,0,0,1
56,1,7,1,0,0,1,0,0,1
48,1,7,1,0,0,1,0,0,1
48,1,7,1,0,0,1,0,0,1
53,1,7,1,0,0,1,0,0,1
51,1,7,1,0,0,1,0,0,1
49,1,8,1,0,0,1,1,0,1
57,1,7,1,0,0,1,0,0,1
48,1,7,1,0,0,1,0,0,1
58,1,7,1,0,0,1,0,0,1
49,1,8,1,0,0,1,0,0,1
57,1,7,1,0,0,1,0,0,1
51,1,7,1,0,0,1,1,0,1
45,1,7,1,0,0,1,0,0,1
54,1,7,1,0,0,1,0,0,1
55,1,7,1,0,0,1,0,0,1
50,1,7,1,0,0,1,0,0,1
45,1,7,1,0,0,1,0,0,1
52,1,7,1,0,0,1,0,0,1
58,1,7,1,0,0,1,0,0,1
50,1,7,1,0,0,1,0,0,1
61,1,7,1,0,0,1,0,0,1
52,1,7,1,0,0,1,0,0,1
51,1,7,1,0,0,1,0,0,1
55,1,7,1,0,0,1,0,0,1
48,1,7,1,0,0,1,0,0,1
59,1,7,1,0,0,1,0,0,1
65,1,8,1,0,0,1,0,0,1
51,1,7,1,0,0,1,0,0,1
52,1,7,1,0,0,1,0,0,1
56,1,7,1,0,0,1,0,0,1
55,1,7,1,0,0,1,0,0,1
54,1,7,1,0,0,1,0,0,1
55,1,7,1,0,0,1,0,0,1
50,1,7,1,0,0,1,0,0,1
56,1,7,1,0,0,1,0,0,1
53,1,7,1,0,0,1,0,0,1
53,1,7,1,0,0,1,0,0,1
49,1,7,1,0,0,1,0,0,1
58,1,7,1,0,0,1,0,0,1
63,1,7,1,0,0,1,0,0,1
52,1,7,1,0,0,1,0,0,1
42,1,7,1,0,0,1,0,0,1
51,1,7,1,0,0,1,0,0,1
50,1,7,1,0,0,1,0,0,1
51,1,7,1,0,0,1,0,0,1
44,1,7,1,0,0,1,1,0,1
44,1,7,1,0,0,1,0,0,1
53,1,7,1,0,0,1,0,0,1
47,1,7,1,0,0,1,1,0,1
51,1,7,1,0,0,1,1,0,1
56,1,7,1,0,0,1,0,0,1
56,1,7,1,0,0,1,0,0,1
44,1,7,1,0,0,1,0,0,1
50,1,7,1,0,0,1,0,0,1
50,1,7,1,0,0,1,0,0,1
46,1,7,1,0,0,1,0,0,1
59,1,7,1,0,0,1,0,0,1
55,1,7,1,0,0,1,0,0,1
57,1,7,1,0,0,1,0,0,1
56,1,7,1,0,0,1,0,0,1
55,1,7,1,0,0,1,0,0,1
59,1,7,1,0,0,1,0,0,1
62,1,7,1,0,0,1,0,0,1
51,1,7,1,0,0,1,0,0,1
53,1,7,1,0,0,1,0,0,1
56,1,7,1,0,0,1,0,0,1
55,1,7,1,0,0,1,1,0,1
54,1,7,1,0,0,1,0,0,1
56,1,7,1,0,0,1,0,0,1
57,1,7,1,0,0,1,0,0,1
49,1,7,1,0,0,1,0,0,1
46,1,7,1,0,0,1,0,0,1
54,1,7,1,0,0,1,0,0,1
58,1,7,1,0,0,1,0,0,1
55,1,7,1,0,0,1,0,0,1
45,1,7,1,0,0,1,0,0,1
53,1,7,1,0,0,1,0,0,1
53,1,8,1,0,0,1,0,0,1
48,1,7,1,0,0,1,1,0,1
49,1,7,1,0,0,1,0,0,1
51,1,7,1,0,0,1,0,0,1
46,1,7,1,0,0,1,0,0,1
47,1,8,1,0,0,1,0,0,1
59,1,7,1,0,0,1,0,0,1
48,1,7,1,0,0,1,0,0,1
54,1,7,1,0,0,1,0,0,1
45,1,7,1,0,0,1,0,0,1
48,1,7,1,0,0,1,1,0,1
49,1,7,1,0,0,1,0,0,1
46,1,7,1,0,0,1,0,0,1
53,1,8,1,0,0,1,0,0,1
55,1,7,1,0,0,1,0,0,1
44,1,7,1,0,0,1,0,0,1
52,1,7,1,0,0,1,0,0,1
52,1,7,1,0,0,1,0,0,1
52,1,8,1,0,0,1,0,0,1
44,1,7,1,0,0,1,0,0,1
54,1,7,1,0,0,1,0,0,1
49,1,8,1,0,0,1,0,0,1
53,1,7,1,0,0,1,0,0,1
44,1,7,1,0,0,1,0,0,1
53,1,7,1,0,0,1,0,0,1
50,1,7,1,0,0,1,0,0,1
57,1,7,1,0,0,1,0,0,1
54,1,7,1,0,0,1,0,0,1
45,1,7,1,0,0,1,1,0,1
47,1,7,1,0,0,1,0,0,1
44,1,7,1,0,0,1,0,0,1
55,1,7,1,0,0,1,0,0,1
46,1,7,1,0,0,1,0,0,1
47,1,7,1,0,0,1,1,0,1
57,1,7,1,0,0,1,0,0,1
51,1,7,1,0,0,1,0,0,1
49,1,7,1,0,0,1,0,0,1
48,1,7,1,0,0,1,0,0,1
51,1,7,1,0,0,1,0,0,1
57,1,7,1,0,0,1,0,0,1
50,1,7,1,0,0,1,1,0,1
55,1,7,1,0,0,1,0,0,1
52,1,7,1,0,0,1,0,0,1
47,1,7,1,0,0,1,0,0,1
51,1,7,1,0,0,1,0,0,1
51,1,7,1,0,0,1,0,0,1
51,1,7,1,0,0,1,0,0,1
47,1,7,1,0,0,1,1,0,1
51,1,7,1,0,0,1,0,0,1
51,1,7,1,0,0,1,0,0,1
53,1,7,1,0,0,1,0,0,1
51,1,7,1,0,0,1,0,0,1
46,1,7,1,0,0,1,1,0,1
47,1,7,1,0,0,1,0,0,1
56,1,7,1,0,0,1,0,0,1
62,1,7,1,0,0,1,1,0,1
41,1,7,1,0,0,1,0,0,1
43,1,7,1,0,0,1,1,0,1
46,1,7,1,0,0,1,0,0,1
53,1,7,1,0,0,1,0,0,1
54,1,7,1,0,0,1,0,0,1
47,1,6,1,0,0,1,0,0,1
53,1,7,1,0,0,1,0,0,1
49,1,7,1,0,0,1,0,0,1
48,1,7,1,0,0,1,0,0,1
55,1,7,1,0,0,1,0,0,1
48,1,7,1,0,0,1,0,0,1
51,1,7,1,0,0,1,0,0,1
57,1,7,1,0,0,1,0,0,1
50,1,7,1,0,0,1,0,0,1
49,1,7,1,0,0,1,0,0,1
48,1,7,1,0,0,1,0,0,1
51,1,7,1,0,0,1,0,0,1
52,1,7,1,0,0,1,0,0,1
43,1,7,1,0,0,1,0,0,1
51,1,7,1,0,0,1,0,0,1
54,1,7,1,0,0,1,0,0,1
46,1,7,1,0,0,1,0,0,1
67,1,8,1,0,0,1,0,0,1
58,1,8,1,0,0,1,0,0,1
55,1,8,1,0,0,1,0,0,1
62,1,8,1,0,0,1,0,0,1
63,1,8,1,0,0,1,1,0,1
63,1,8,1,0,0,1,0,0,1
54,1,8,1,0,0,1,0,0,1
57,1,8,1,0,0,1,0,0,1
59,1,8,1,0,0,1,0,0,1
61,1,8,1,0,0,1,1,0,1
63,1,8,1,0,0,1,1,0,1
61,1,8,1,0,0,1,0,0,1
58,1,8,1,0,0,1,0,0,1
54,1,8,1,0,0,1,0,0,1
61,1,8,1,0,0,1,0,0,1
56,1,8,1,0,0,1,0,0,1
60,1,8,1,0,0,1,0,0,1
57,1,8,1,0,0,1,0,0,1
53,1,8,1,0,0,1,0,0,1
58,1,8,1,0,0,1,0,0,1
62,1,7,1,0,0,1,0,0,1
75,1,8,1,0,0,1,1,0,1
61,1,8,1,0,0,1,0,0,1
68,1,8,1,0,0,1,0,0,1
73,1,10,1,0,0,1,0,0,1
66,1,8,1,0,0,1,0,0,1
66,1,8,1,0,0,1,0,0,1
57,1,8,1,0,0,1,1,0,1
67,1,8,1,0,0,1,0,0,1
63,1,8,1,0,0,1,0,0,1
57,1,8,1,0,0,1,0,0,1
56,1,8,1,0,0,1,1,0,1
59,1,8,1,0,0,1,0,0,1
64,1,8,1,0,0,1,0,0,1
60,1,8,1,0,0,1,0,0,1
54,1,8,1,0,0,1,0,0,1
59,1,8,1,0,0,1,0,0,1
59,1,8,1,0,0,1,0,0,1
60,1,8,1,0,0,1,0,0,1
67,1,8,1,0,0,1,1,0,1
57,1,8,1,0,0,1,0,0,1
62,1,8,1,0,0,1,1,0,1
65,1,8,1,0,0,1,0,0,1
60,1,8,1,0,0,1,0,0,1
60,1,8,1,0,0,1,0,0,1
57,1,8,1,0,0,1,0,0,1
65,1,8,1,0,0,1,0,0,1
57,1,8,1,0,0,1,0,0,1
65,1,8,1,0,0,1,1,0,1
68,1,8,1,0,0,1,0,0,1
58,1,8,1,0,0,1,0,0,1
58,1,8,1,0,0,1,0,0,1
67,1,8,1,0,0,1,0,0,1
59,1,8,1,0,0,1,1,0,1
55,1,8,1,0,0,1,0,0,1
57,1,8,1,0,0,1,1,0,1
62,1,8,1,0,0,1,0,0,1
61,1,8,1,0,0,1,0,0,1
63,1,8,1,0,0,1,0,0,1
64,1,8,1,0,0,1,1,0,1
45,1,8,1,0,0,1,0,0,1
55,1,8,1,0,0,1,0,0,1
54,1,8,1,0,0,1,0,0,1
54,1,8,1,0,0,1,0,0,1
58,1,8,1,0,0,1,0,0,1
53,1,8,1,0,0,1,0,0,1
60,1,8,1,0,0,1,1,0,1
65,1,8,1,0,0,1,0,0,1
55,1,8,1,0,0,1,0,0,1
59,1,8,1,0,0,1,0,0,1
53,1,8,1,0,0,1,0,0,1
67,1,8,1,0,0,1,0,0,1
62,1,8,1,0,0,1,1,0,1
60,1,8,1,0,0,1,0,0,1
67,1,8,1,0,0,1,0,0,1
66,1,8,1,0,0,1,0,0,1
62,1,8,1,0,0,1,0,0,1
63,1,8,1,0,0,1,1,0,1
60,1,8,1,0,0,1,0,0,1
61,1,9,1,0,0,1,0,0,1
59,1,8,1,0,0,1,0,0,1
57,1,8,1,0,0,1,0,0,1
58,1,8,1,0,0,1,0,0,1
63,1,8,1,0,0,1,0,0,1
50,1,8,1,0,0,1,1,0,1
60,1,8,1,0,0,1,0,0,1
60,1,8,1,0,0,1,0,0,1
56,1,8,1,0,0,1,1,0,1
62,1,8,1,0,0,1,0,0,1
52,1,8,1,0,0,1,0,0,1
63,1,8,1,0,0,1,0,0,1
61,1,8,1,0,0,1,0,0,1
52,1,8,1,0,0,1,0,0,1
58,1,8,1,0,0,1,0,0,1
62,1,8,1,0,0,1,0,0,1
65,1,8,1,0,0,1,1,0,1
61,1,8,1,0,0,1,1,0,1
61,1,8,1,0,0,1,0,0,1
58,1,8,1,0,0,1,0,0,1
63,1,8,1,0,0,1,0,0,1
60,1,9,1,0,0,1,0,0,1
66,1,8,1,0,0,1,0,0,1
55,1,8,1,0,0,1,0,0,1
56,1,8,1,0,0,1,0,0,1
62,1,8,1,0,0,1,0,0,1
60,1,8,1,0,0,1,1,0,1
63,1,8,1,0,0,1,0,0,1
58,1,8,1,0,0,1,0,0,1
65,1,7,1,0,0,1,0,0,1
62,1,8,1,0,0,1,0,0,1
67,1,8,1,0,0,1,0,0,1
59,1,8,1,0,0,1,0,0,1
54,1,8,1,0,0,1,1,0,1
69,1,8,1,0,0,1,0,0,1
63,1,8,1,0,0,1,0,0,1
62,1,8,1,0,0,1,0,0,1
62,1,8,1,0,0,1,0,0,1
60,1,8,1,0,0,1,0,0,1
65,1,8,1,0,0,1,0,0,1
57,1,8,1,0,0,1,0,0,1
55,1,8,1,0,0,1,0,0,1
65,1,8,1,0,0,1,0,0,1
60,1,8,1,0,0,1,0,0,1
58,1,8,1,0,0,1,0,0,1
52,1,8,1,0,0,1,0,0,1
57,1,8,1,0,0,1,0,0,1
64,1,8,1,0,0,1,1,0,1
62,1,8,1,0,0,1,0,0,1
62,1,8,1,0,0,1,0,0,1
59,1,8,1,0,0,1,0,0,1
60,1,8,1,0,0,1,1,0,1
62,1,8,1,0,0,1,0,0,1
60,1,8,1,0,0,1,0,0,1
57,1,8,1,0,0,1,0,0,1
60,1,8,1,0,0,1,0,0,1
65,1,8,1,0,0,1,0,0,1
69,1,8,1,0,0,1,0,0,1
54,1,8,1,0,0,1,0,0,1
59,1,8,1,0,0,1,0,0,1
58,1,8,1,0,0,1,0,0,1
57,1,8,1,0,0,1,0,0,1
56,1,8,1,0,0,1,0,0,1
62,1,8,1,0,0,1,0,0,1
56,1,8,1,0,0,1,0,0,1
61,1,8,1,0,0,1,0,0,1
57,1,8,1,0,0,1,0,0,1
57,1,8,1,0,0,1,0,0,1
55,1,8,1,0,0,1,0,0,1
59,1,8,1,0,0,1,0,0,1
58,1,8,1,0,0,1,0,0,1
61,1,8,1,0,0,1,0,0,1
64,1,8,1,0,0,1,0,0,1
62,1,8,1,0,0,1,0,0,1
53,1,8,1,0,0,1,0,0,1
63,1,8,1,0,0,1,0,0,1
62,1,8,1,0,0,1,0,0,1
65,1,8,1,0,0,1,0,0,1
53,1,8,1,0,0,1,0,0,1
64,1,8,1,0,0,1,0,0,1
69,1,8,1,0,0,1,0,0,1
65,1,8,1,0,0,1,0,0,1
65,1,8,1,0,0,1,0,0,1
62,1,8,1,0,0,1,0,0,1
59,1,8,1,0,0,1,0,0,1
58,1,8,1,0,0,1,0,0,1
61,1,8,1,0,0,1,0,0,1
60,1,8,1,0,0,1,0,0,1
59,1,8,1,0,0,1,0,0,1
59,1,8,1,0,0,1,1,0,1
56,1,8,1,0,0,1,0,0,1
62,1,8,1,0,0,1,0,0,1
65,1,8,1,0,0,1,0,0,1
63,1,8,1,0,0,1,1,0,1
61,1,8,1,0,0,1,0,0,1
62,1,8,1,0,0,1,0,0,1
56,1,8,1,0,0,1,0,0,1
59,1,8,1,0,0,1,0,0,1
62,1,8,1,0,0,1,1,0,1
64,1,8,1,0,0,1,0,0,1
61,1,8,1,0,0,1,0,0,1
58,1,8,1,0,0,1,1,0,1
58,1,8,1,0,0,1,0,0,1
53,1,8,1,0,0,1,0,0,1
65,1,8,1,0,0,1,0,0,1
62,1,8,1,0,0,1,0,0,1
67,1,8,1,0,0,1,0,0,1
56,1,8,1,0,0,1,0,0,1
56,1,8,1,0,0,1,0,0,1
57,1,8,1,0,0,1,0,0,1
66,1,8,1,0,0,1,0,0,1
62,1,8,1,0,0,1,0,0,1
60,1,8,1,0,0,1,0,0,1
51,1,8,1,0,0,1,0,0,1
56,1,8,1,0,0,1,1,0,1
60,1,8,1,0,0,1,0,0,1
58,1,8,1,0,0,1,1,0,1
60,1,8,1,0,0,1,0,0,1
63,1,8,1,0,0,1,1,0,1
62,1,8,1,0,0,1,1,0,1
64,1,8,1,0,0,1,0,0,1
55,1,8,1,0,0,1,0,0,1
50,1,8,1,0,0,1,0,0,1
65,1,8,1,0,0,1,0,0,1
63,1,8,1,0,0,1,0,0,1
66,1,8,1,0,0,1,1,0,1
60,1,8,1,0,0,1,0,0,1
71,1,8,1,0,0,1,0,0,1
58,1,7,1,0,0,1,1,0,1
63,1,8,1,0,0,1,0,0,1
62,1,8,1,0,0,1,0,0,1
62,1,8,1,0,0,1,0,0,1
63,1,8,1,0,0,1,0,0,1
55,1,8,1,0,0,1,0,0,1
60,1,8,1,0,0,1,0,0,1
65,1,8,1,0,0,1,0,0,1
56,1,8,1,0,0,1,0,0,1
63,1,8,1,0,0,1,0,0,1
69,1,8,1,0,0,1,0,0,1
60,1,8,1,0,0,1,0,0,1
63,1,8,1,0,0,1,0,0,1
66,1,8,1,0,0,1,1,0,1
59,1,8,1,0,0,1,0,0,1
67,1,8,1,0,0,1,0,0,1
65,1,8,1,0,0,1,0,0,1
56,1,8,1,0,0,1,0,0,1
60,1,8,1,0,0,1,0,0,1
66,1,8,1,0,0,1,0,0,1
59,1,8,1,0,0,1,0,0,1
74,1,8,1,0,0,1,0,0,1
58,1,8,1,0,0,1,0,0,1
60,1,8,1,0,0,1,1,0,1
65,1,8,1,0,0,1,0,0,1
67,1,8,1,0,0,1,0,0,1
64,1,8,1,0,0,1,1,0,1
59,1,8,1,0,0,1,0,0,1
57,1,8,1,0,0,1,0,0,1
56,1,8,1,0,0,1,0,0,1
57,1,8,1,0,0,1,1,0,1
64,1,8,1,0,0,1,0,0,1
66,1,8,1,0,0,1,0,0,1
60,1,8,1,0,0,1,0,0,1
59,1,8,1,0,0,1,1,0,1
55,1,8,1,0,0,1,0,0,1
62,1,8,1,0,0,1,0,0,1
55,1,8,1,0,0,1,0,0,1
56,1,8,1,0,0,1,1,0,1
61,1,8,1,0,0,1,0,0,1
61,1,8,1,0,0,1,0,0,1
64,1,8,1,0,0,1,0,0,1
61,1,8,1,0,0,1,1,0,1
64,1,8,1,0,0,1,0,0,1
59,1,8,1,0,0,1,0,0,1
64,1,8,1,0,0,1,0,0,1
63,1,8,1,0,0,1,0,0,1
54,1,8,1,0,0,1,0,0,1
63,1,8,1,0,0,1,0,0,1
64,1,8,1,0,0,1,0,0,1
62,1,8,1,0,0,1,0,0,1
69,1,8,1,0,0,1,0,0,1
59,1,8,1,0,0,1,0,0,1
61,1,9,1,0,0,1,0,0,1
65,1,9,1,0,0,1,0,0,1
63,1,9,1,0,0,1,1,0,1
62,1,9,1,0,0,1,0,0,1
57,1,9,1,0,0,1,0,0,1
62,1,8,1,0,0,1,0,0,1
58,1,8,1,0,0,1,0,0,1
56,1,8,1,0,0,1,1,0,1
56,1,8,1,0,0,1,0,0,1
58,1,8,1,0,0,1,0,0,1
59,1,8,1,0,0,1,0,0,1
58,1,8,1,0,0,1,0,0,1
50,1,8,1,0,0,1,0,0,1
55,1,8,1,0,0,1,0,0,1
58,1,8,1,0,0,1,0,0,1
58,1,8,1,0,0,1,0,0,1
55,1,8,1,0,0,1,0,0,1
51,1,8,1,0,0,1,0,0,1
58,1,8,1,0,0,1,0,0,1
59,1,8,1,0,0,1,0,0,1
62,1,8,1,0,0,1,0,0,1
61,1,8,1,0,0,1,0,0,1
55,1,9,1,0,0,1,1,0,1
62,1,8,1,0,0,1,0,0,1
63,1,8,1,0,0,1,0,0,1
57,1,8,1,0,0,1,1,0,1
62,1,8,1,0,0,1,0,0,1
65,1,8,1,0,0,1,0,0,1
57,1,8,1,0,0,1,0,0,1
61,1,8,1,0,0,1,0,0,1
93,1,10,1,0,0,1,0,0,1
70,1,9,1,0,0,1,0,0,1
70,1,8,1,0,0,1,0,0,1
64,1,8,1,0,0,1,0,0,1
82,1,11,1,0,0,1,0,0,1
63,1,8,1,0,0,1,1,0,1
59,1,8,1,0,0,1,0,0,1
61,1,8,1,0,0,1,0,0,1
63,1,8,1,0,0,1,0,0,1
66,1,8,1,0,0,1,0,0,1
62,1,8,1,0,0,1,0,0,1
61,1,7,1,0,0,1,0,0,1
64,1,8,1,0,0,1,0,0,1
52,1,8,1,0,0,1,0,0,1
64,1,8,1,0,0,1,0,0,1
60,1,8,1,0,0,1,0,0,1
58,1,8,1,0,0,1,0,0,1
66,1,8,1,0,0,1,0,0,1
63,1,8,1,0,0,1,0,0,1
63,1,8,1,0,0,1,0,0,1
66,1,9,1,0,0,1,1,0,1
60,1,8,1,0,0,1,0,0,1
58,1,8,1,0,0,1,0,0,1
59,1,8,1,0,0,1,0,0,1
56,1,8,1,0,0,1,0,0,1
59,1,8,1,0,0,1,0,0,1
58,1,8,1,0,0,1,1,0,1
60,1,8,1,0,0,1,0,0,1
60,1,8,1,0,0,1,0,0,1
63,1,8,1,0,0,1,0,0,1
60,1,8,1,0,0,1,0,0,1
63,1,8,1,0,0,1,0,0,1
65,1,8,1,0,0,1,0,0,1
63,1,8,1,0,0,1,0,0,1
62,1,8,1,0,0,1,0,0,1
64,1,8,1,0,0,1,0,0,1
63,1,8,1,0,0,1,0,0,1
61,1,8,1,0,0,1,0,0,1
65,1,8,1,0,0,1,0,0,1
61,1,8,1,0,0,1,1,0,1
61,1,8,1,0,0,1,0,0,1
62,1,8,1,0,0,1,0,0,1
54,1,8,1,0,0,1,0,0,1
57,1,8,1,0,0,1,0,0,1
62,1,8,1,0,0,1,0,0,1
60,1,8,1,0,0,1,0,0,1
63,1,8,1,0,0,1,0,0,1
68,1,8,1,0,0,1,0,0,1
66,1,8,1,0,0,1,0,0,1
66,1,8,1,0,0,1,0,0,1
54,1,8,1,0,0,1,0,0,1
63,1,7,1,0,0,1,1,0,1
53,1,8,1,0,0,1,0,0,1
60,1,8,1,0,0,1,0,0,1
62,1,7,1,0,0,1,0,0,1
57,1,8,1,0,0,1,0,0,1
63,1,8,1,0,0,1,0,0,1
56,1,8,1,0,0,1,1,0,1
63,1,7,1,0,0,1,0,0,1
62,1,8,1,0,0,1,0,0,1
68,1,8,1,0,0,1,0,0,1
66,1,8,1,0,0,1,0,0,1
70,1,8,1,0,0,1,0,0,1
59,1,8,1,0,0,1,0,0,1
58,1,8,1,0,0,1,0,0,1
67,1,8,1,0,0,1,0,0,1
52,1,8,1,0,0,1,0,0,1
58,1,8,1,0,0,1,0,0,1
60,1,8,1,0,0,1,0,0,1
63,1,8,1,0,0,1,0,0,1
61,1,8,1,0,0,1,0,0,1
64,1,8,1,0,0,1,0,0,1
57,1,8,1,0,0,1,1,0,1
66,1,8,1,0,0,1,0,0,1
60,1,8,1,0,0,1,0,0,1
61,1,8,1,0,0,1,0,0,1
60,1,8,1,0,0,1,0,0,1
66,1,8,1,0,0,1,0,0,1
66,1,8,1,0,0,1,0,0,1
65,1,8,1,0,0,1,0,0,1
61,1,8,1,0,0,1,1,0,1
58,1,8,1,0,0,1,0,0,1
66,1,8,1,0,0,1,0,0,1
61,1,8,1,0,0,1,0,0,1
69,1,8,1,0,0,1,0,0,1
64,1,8,1,0,0,1,0,0,1
55,1,8,1,0,0,1,1,0,1
58,1,8,1,0,0,1,0,0,1
60,1,8,1,0,0,1,0,0,1
63,1,8,1,0,0,1,0,0,1
67,1,8,1,0,0,1,0,0,1
64,1,8,1,0,0,1,0,0,1
59,1,8,1,0,0,1,0,0,1
63,1,8,1,0,0,1,0,0,1
69,1,8,1,0,0,1,0,0,1
57,1,8,1,0,0,1,0,0,1
64,1,8,1,0,0,1,0,0,1
65,1,8,1,0,0,1,1,0,1
61,1,8,1,0,0,1,0,0,1
61,1,8,1,0,0,1,0,0,1
61,1,8,1,0,0,1,0,0,1
68,1,8,1,0,0,1,1,0,1
57,1,8,1,0,0,1,0,0,1
60,1,8,1,0,0,1,0,0,1
60,1,8,1,0,0,1,0,0,1
67,1,8,1,0,0,1,0,0,1
60,1,8,1,0,0,1,0,0,1
65,1,8,1,0,0,1,0,0,1
62,1,8,1,0,0,1,0,0,1
59,1,8,1,0,0,1,0,0,1
70,1,8,1,0,0,1,0,0,1
61,1,8,1,0,0,1,0,0,1
58,1,8,1,0,0,1,0,0,1
58,1,8,1,0,0,1,0,0,1
65,1,8,1,0,0,1,0,0,1
66,1,8,1,0,0,1,0,0,1
61,1,8,1,0,0,1,0,0,1
63,1,8,1,0,0,1,0,0,1
63,1,7,1,0,0,1,0,0,1
67,1,8,1,0,0,1,0,0,1
58,1,8,1,0,0,1,0,0,1
65,1,8,1,0,0,1,0,0,1
62,1,8,1,0,0,1,0,0,1
63,1,8,1,0,0,1,0,0,1
55,1,8,1,0,0,1,1,0,1
67,1,8,1,0,0,1,0,0,1
62,1,8,1,0,0,1,0,0,1
62,1,7,1,0,0,1,0,0,1
63,1,8,1,0,0,1,0,0,1
65,1,8,1,0,0,1,0,0,1
59,1,8,1,0,0,1,0,0,1
64,1,8,1,0,0,1,0,0,1
63,1,8,1,0,0,1,0,0,1
57,1,8,1,0,0,1,1,0,1
55,1,8,1,0,0,1,0,0,1
56,1,8,1,0,0,1,0,0,1
55,1,8,1,0,0,1,0,0,1
60,1,8,1,0,0,1,0,0,1
62,1,8,1,0,0,1,0,0,1
61,1,8,1,0,0,1,0,0,1
55,1,8,1,0,0,1,1,0,1
59,1,8,1,0,0,1,0,0,1
58,1,7,1,0,0,1,0,0,1
57,1,8,1,0,0,1,0,0,1
57,1,8,1,0,0,1,1,0,1
62,1,9,1,0,0,1,0,0,1
64,1,8,1,0,0,1,0,0,1
49,1,8,1,0,0,1,0,0,1
62,1,8,1,0,0,1,0,0,1
58,1,8,1,0,0,1,0,0,1
60,1,8,1,0,0,1,0,0,1
61,1,8,1,0,0,1,1,0,1
63,1,8,1,0,0,1,1,0,1
61,1,8,1,0,0,1,0,0,1
60,1,9,1,0,0,1,1,0,1
60,1,9,1,0,0,1,0,0,1
59,1,8,1,0,0,1,0,0,1
54,1,8,1,0,0,1,0,0,1
53,1,8,1,0,0,1,0,0,1
63,1,8,1,0,0,1,0,0,1
61,1,8,1,0,0,1,0,0,1
60,1,8,1,0,0,1,1,0,1
57,1,8,1,0,0,1,0,0,1
58,1,8,1,0,0,1,0,0,1
55,1,8,1,0,0,1,0,0,1
58,1,8,1,0,0,1,1,0,1
60,1,8,1,0,0,1,0,0,1
61,1,8,1,0,0,1,0,0,1
60,1,8,1,0,0,1,0,0,1
63,1,8,1,0,0,1,0,0,1
57,1,8,1,0,0,1,0,0,1
20,1,4,0,0,0,0,0,0,1
24,2,4,0,0,0,0,0,1,0
68,2,11,0,0,0,0,0,1,0
43,2,6,0,0,0,0,0,1,0
76,2,15,0,0,0,0,0,1,0
91,2,10,0,0,0,0,0,1,0
75,2,9,0,0,0,0,0,1,0
30,2,4,0,0,0,0,0,1,0
106,3,9,0,0,0,0,0,2,0
106,3,10,0,0,0,0,0,2,0
78,3,10,0,0,0,0,0,2,0
33,3,4,0,0,0,0,0,2,0
143,1,17,0,0,1,0,0,0,0
19,1,4,0,0,0,0,0,0,0
50,1,7,0,0,0,0,0,0,0
19,1,4,0,0,0,0,0,0,0
81,1,13,0,0,0,0,0,0,0
76,2,10,0,0,0,0,0,1,0
25,2,4,0,0,0,0,0,1,0
69,3,9,0,0,0,0,0,2,0
59,1,9,0,0,0,0,0,0,0
18,1,4,0,0,0,0,0,0,0
51,3,7,0,0,0,0,0,1,0
26,2,4,0,0,0,0,0,1,0
29,1,5,0,0,0,0,0,0,0
24,1,4,0,0,0,0,1,0,0
42,1,6,0,0,0,0,0,0,0
39,1,6,0,0,0,0,0,0,0
41,1,5,0,0,0,0,1,0,0
55,1,9,0,0,0,0,1,0,0
33,2,7,0,0,0,0,0,1,0
72,2,9,0,0,0,0,0,1,0
35,2,5,0,0,0,0,0,1,0
32,2,5,0,0,0,0,0,1,0
123,2,8,0,0,0,0,0,1,0
41,1,5,0,0,0,0,0,0,0
22,1,4,0,0,0,0,0,0,0
115,2,16,0,0,0,0,0,1,0
45,2,7,0,0,0,0,0,1,0
20,1,4,0,0,0,0,1,0,0
58,1,9,0,0,0,0,1,0,0
27,2,4,0,0,0,0,0,1,0
43,2,5,0,0,0,0,0,1,0
56,1,7,0,0,0,0,0,0,0
34,2,4,0,0,0,0,0,1,0
49,2,9,0,0,0,0,0,1,0
49,1,8,0,0,0,0,0,0,0
41,2,4,0,0,0,0,0,1,0
31,2,5,0,0,0,0,0,1,0
80,1,12,0,0,0,0,0,0,0
23,1,5,0,0,0,1,0,0,0
30,1,5,0,0,0,0,0,0,0
34,1,6,0,0,0,0,0,0,0
46,1,6,0,0,0,0,0,0,0
25,1,4,0,0,0,0,0,0,0
34,2,5,0,0,0,0,0,1,0
27,1,4,0,0,0,0,0,0,0
63,2,6,0,0,0,0,0,1,0
30,2,5,0,0,0,1,0,1,0
46,1,5,0,0,0,0,0,0,0
93,2,18,0,0,0,0,0,1,0
33,2,5,0,0,0,0,0,1,0
56,2,7,0,0,0,0,0,1,0
49,2,8,0,0,0,0,0,1,0
42,2,6,0,0,0,0,0,1,0
42,3,5,0,0,0,0,0,1,0
37,2,4,0,0,0,0,0,1,0
26,2,4,0,0,0,0,0,1,0
34,1,5,0,0,0,0,0,0,0
16,1,4,0,0,0,0,0,0,0
34,1,6,0,0,0,0,0,0,0
15,1,4,0,0,0,0,0,0,0
29,2,4,0,0,0,0,0,1,0
60,1,10,0,0,0,0,0,0,0
26,1,4,0,0,0,0,0,0,0
46,2,5,0,0,0,0,0,1,0
39,1,5,0,0,0,0,0,0,0
25,2,4,0,0,0,0,0,1,0
46,2,7,0,0,0,0,0,1,0
38,2,5,0,0,0,0,0,0,0
26,1,5,0,0,0,0,0,0,0
33,1,5,0,0,0,0,0,0,0
36,2,4,0,0,0,0,0,1,0
53,1,5,0,0,0,0,0,0,0
22,2,4,0,0,0,0,0,1,0
94,2,11,0,0,0,0,0,1,0
33,1,7,0,0,0,0,0,0,0
46,1,6,0,0,0,0,0,0,0
33,2,4,0,0,0,0,0,1,0
23,2,4,0,0,0,0,0,1,0
63,1,9,0,0,0,0,0,0,0
41,4,5,0,0,0,0,0,1,0
23,3,4,0,0,0,0,0,1,0
30,3,5,0,0,0,0,0,1,0
27,3,4,0,0,0,0,0,1,0
38,1,5,0,0,0,0,1,0,0
29,1,5,0,0,0,0,0,0,0
23,1,5,0,0,0,0,0,0,0
27,1,5,0,0,0,0,0,0,0
35,2,4,0,0,0,0,0,1,0
35,1,4,0,0,0,0,0,0,0
111,2,12,0,0,0,0,0,1,0
34,2,7,0,0,0,0,0,1,0
45,2,6,0,0,0,0,0,1,0
67,3,6,0,0,0,0,0,1,0
22,1,4,0,0,0,0,0,0,0
29,1,5,0,0,0,1,0,0,0
24,1,5,0,0,0,0,0,0,0
49,1,9,0,0,0,0,0,0,0
63,1,9,0,0,0,0,0,0,0
23,1,4,0,0,0,0,1,0,0
28,1,5,0,0,0,0,0,0,0
57,1,10,0,0,0,0,0,0,0
49,2,8,0,0,0,0,0,0,0
64,1,11,0,0,0,0,0,0,0
77,1,15,0,0,0,0,0,0,0
36,1,7,0,0,0,0,0,0,0
22,1,5,0,0,0,0,0,0,0
26,2,4,0,0,0,0,0,1,0
25,2,4,0,0,0,0,0,1,0
67,3,6,0,0,0,0,0,1,0
19,1,5,0,0,0,1,0,0,0
51,2,5,0,0,0,0,0,1,0
42,1,6,0,0,0,0,0,0,0
39,2,5,0,0,0,0,0,1,0
31,2,5,0,0,0,0,0,1,0
30,2,4,0,0,0,0,0,1,0
26,2,4,0,0,0,0,0,1,0
80,2,10,0,0,0,0,1,1,0
25,2,4,0,0,0,0,0,1,0
47,2,8,0,0,0,0,0,1,0
308,2,16,0,0,0,0,0,1,0
78,5,7,0,0,0,0,0,1,0
32,2,5,0,0,0,0,0,1,0
48,2,9,0,0,0,0,0,1,0
274,9,33,0,1,0,0,0,1,0
172,6,18,0,0,0,0,0,1,0
507,3,56,0,0,0,0,0,1,0
45,2,7,0,0,0,0,0,1,0
125,2,13,0,0,0,0,0,1,0
30,2,5,0,0,0,0,0,1,0
27,1,6,0,0,0,0,0,0,0
31,3,5,0,0,0,0,0,1,0
43,2,6,0,0,0,0,1,1,0
18,1,4,0,0,0,0,0,0,0
56,1,7,0,0,0,0,0,0,0
20,1,4,0,0,0,0,0,0,0
38,3,8,0,0,0,0,0,1,0
40,2,6,0,0,0,0,0,1,0
51,2,7,0,0,0,0,0,1,0
44,2,6,0,0,0,0,0,1,0
43,4,4,0,0,0,0,0,1,0
91,2,14,0,0,0,0,0,1,0
97,5,11,0,0,0,0,0,1,0
29,2,5,0,0,0,0,0,1,0
40,2,5,0,0,0,0,0,1,0
43,2,6,0,0,0,0,1,1,0
31,2,6,0,0,0,0,0,1,0
30,2,5,0,0,0,0,0,1,0
25,2,4,0,0,0,0,0,1,0
23,2,4,0,0,0,0,0,1,0
82,2,14,0,0,1,0,0,1,0
23,2,4,0,0,0,0,0,1,0
25,2,4,0,0,0,0,0,1,0
23,2,4,0,0,0,0,0,1,0
26,2,4,0,0,0,0,1,1,0
22,2,4,0,0,0,0,0,1,0
24,2,4,0,0,0,0,0,1,0
25,2,4,0,0,0,0,0,1,0
24,2,4,0,0,0,0,0,1,0
26,2,4,0,0,0,0,0,1,0
23,2,4,0,0,0,0,1,1,0
24,2,4,0,0,0,0,0,1,0
24,2,4,0,0,0,0,0,1,0
20,2,4,0,0,0,0,0,1,0
24,2,4,0,0,0,0,0,1,0
26,2,4,0,0,0,0,0,1,0
31,2,4,0,0,0,0,1,1,0
28,2,4,0,0,0,0,0,1,0
26,2,4,0,0,0,0,1,1,0
26,2,4,0,0,0,0,0,1,0
23,2,4,0,0,0,0,0,1,0
20,2,4,0,0,0,0,0,1,0
24,2,4,0,0,0,0,0,1,0
25,2,4,0,0,0,0,0,1,0
25,2,4,0,0,0,0,0,1,0
21,2,4,0,0,0,0,0,1,0
21,3,4,0,0,0,0,0,1,0
22,3,4,0,0,0,0,0,1,0
24,2,4,0,0,0,0,0,1,0
26,2,4,0,0,0,0,0,1,0
25,2,4,0,0,0,0,0,1,0
20,2,4,0,0,0,0,0,1,0
27,2,4,0,0,0,0,0,1,0
20,2,4,0,0,0,0,0,1,0
20,2,4,0,0,0,0,0,1,0
21,2,4,0,0,0,0,0,1,0
20,2,4,0,0,0,0,0,1,0
20,2,4,0,0,0,0,0,1,0
20,2,4,0,0,0,0,0,1,0
20,2,4,0,0,0,0,0,1,0
23,2,4,0,0,0,0,0,1,0
21,2,4,0,0,0,0,0,1,0
24,2,4,0,0,0,0,1,1,0
23,2,4,0,0,0,0,1,1,0
24,2,4,0,0,0,0,0,1,0
21,2,4,0,0,0,0,0,1,0
26,2,4,0,0,0,0,1,1,0
21,2,4,0,0,0,0,0,1,0
23,2,4,0,0,0,0,0,1,0
24,2,4,0,0,0,0,0,1,0
22,2,4,0,0,0,0,0,1,0
22,2,4,0,0,0,0,0,1,0
20,2,4,0,0,0,0,0,1,0
23,2,4,0,0,0,0,0,1,0
22,2,4,0,0,0,0,0,1,0
20,2,4,0,0,0,0,0,1,0
23,2,4,0,0,0,0,0,1,0
27,2,4,0,0,0,0,0,1,0
22,2,4,0,0,0,0,0,1,0
23,2,4,0,0,0,0,0,1,0
20,2,4,0,0,0,0,0,1,0
57,2,10,0,0,0,0,0,1,0
62,2,9,0,0,0,0,0,1,0
24,2,4,0,0,0,0,0,1,0
64,2,10,0,0,0,0,1,1,0
60,3,8,0,0,0,0,0,1,0
64,3,9,0,0,0,0,0,1,0
56,2,8,0,0,0,0,0,1,0
76,1,11,0,0,0,0,0,0,0
62,2,9,0,0,0,0,1,1,0
55,2,12,0,0,0,0,0,1,0
22,2,4,0,0,0,0,0,1,0
20,2,4,0,0,0,0,0,1,0
23,2,4,0,0,0,0,0,1,0
25,2,4,0,0,0,0,0,1,0
22,2,4,0,0,0,0,0,1,0
24,2,4,0,0,0,0,0,1,0
28,2,4,0,0,0,0,0,1,0
20,2,4,0,0,0,0,0,1,0
26,2,4,0,0,0,0,0,1,0
22,2,4,0,0,0,0,0,1,0
30,2,4,0,0,0,0,0,1,0
27,2,4,0,0,0,0,0,1,0
25,2,4,0,0,0,0,0,1,0
23,2,4,0,0,0,0,0,1,0
32,2,4,0,0,0,0,0,1,0
25,2,4,0,0,0,0,0,1,0
27,2,4,0,0,0,0,0,1,0
25,2,4,0,0,0,0,0,1,0
25,2,4,0,0,0,0,0,1,0
24,2,4,0,0,0,0,0,1,0
23,2,4,0,0,0,0,0,1,0
21,2,4,0,0,0,0,0,1,0
20,2,4,0,0,0,0,0,1,0
21,2,4,0,0,0,0,0,1,0
22,2,4,0,0,0,0,0,1,0
22,2,4,0,0,0,0,0,1,0
27,2,4,0,0,0,0,0,1,0
24,2,4,0,0,0,0,0,1,0
22,2,4,0,0,0,0,0,1,0
22,2,4,0,0,0,0,0,1,0
27,2,4,0,0,0,0,0,1,0
27,2,4,0,0,0,0,0,1,0
20,2,4,0,0,0,0,0,1,0
28,2,4,0,0,0,0,0,1,0
30,2,4,0,0,0,0,1,1,0
23,2,4,0,0,0,0,0,1,0
33,2,4,0,0,0,0,0,1,0
35,2,4,0,0,0,0,0,1,0
29,4,4,0,0,0,0,0,3,0
24,2,4,0,0,0,0,0,1,0
23,2,4,0,0,0,0,0,1,0
24,2,4,0,0,0,0,0,1,0
28,2,4,0,0,0,0,0,1,0
22,2,4,0,0,0,0,0,1,0
25,2,4,0,0,0,0,1,1,0
21,2,4,0,0,0,0,0,1,0
21,2,4,0,0,0,0,1,1,0
26,2,4,0,0,0,0,1,1,0
22,2,4,0,0,0,0,0,1,0
24,2,4,0,0,0,0,0,1,0
28,2,4,0,0,0,0,0,1,0
22,3,4,0,0,0,0,0,1,0
33,2,5,0,0,0,0,0,1,0
26,2,4,0,0,0,0,0,1,0
24,2,4,0,0,0,0,0,1,0
25,2,4,0,0,0,0,0,1,0
24,2,4,0,0,0,0,0,1,0
26,2,4,0,0,0,0,0,1,0
29,2,4,0,0,0,0,0,1,0
22,2,4,0,0,0,0,0,1,0
24,2,4,0,0,0,0,0,1,0
24,2,4,0,0,0,0,1,1,0
26,3,4,0,0,0,0,0,1,0
22,2,4,0,0,0,0,0,1,0
22,2,4,0,0,0,0,0,1,0
29,2,4,0,0,0,0,0,1,0
22,2,4,0,0,0,0,0,1,0
24,3,4,0,0,0,0,0,1,0
23,1,4,0,0,0,0,0,0,0
24,1,4,0,0,0,0,0,0,0
21,1,4,0,0,0,0,0,0,0
24,1,4,0,0,0,0,1,0,0
21,1,4,0,0,0,0,0,0,0
18,1,4,0,0,0,0,0,0,0
21,1,4,0,0,0,0,1,0,0
22,1,4,0,0,0,0,0,0,0
25,1,4,0,0,0,0,0,0,0
22,1,4,0,0,0,0,0,0,0
26,1,4,0,0,0,0,0,0,0
19,1,4,0,0,0,0,0,0,0
22,1,4,0,0,0,0,0,0,0
15,1,4,0,0,0,0,0,0,0
23,1,4,0,0,0,0,0,0,0
25,1,4,0,0,0,0,0,0,0
19,1,4,0,0,0,0,0,0,0
19,1,4,0,0,0,0,1,0,0
23,2,4,0,0,0,0,0,1,0
28,2,4,0,0,0,0,1,1,0
25,1,4,0,0,0,0,0,0,0
19,1,4,0,0,0,0,0,0,0
20,1,4,0,0,0,0,0,0,0
19,1,4,0,0,0,0,0,0,0
19,1,4,0,0,0,0,0,0,0
18,1,4,0,0,0,0,0,0,0
23,1,4,0,0,0,0,0,0,0
48,2,10,0,0,0,0,0,1,0
51,3,9,0,0,0,0,0,1,0
61,2,8,0,0,0,0,0,1,0
59,2,9,0,0,0,0,0,1,0
61,2,11,0,0,0,0,0,1,0
57,2,12,0,0,0,0,1,1,0
72,2,11,0,0,0,0,0,1,0
73,2,10,0,0,0,0,0,1,0
58,1,10,0,0,0,0,0,0,0
48,2,7,0,0,0,0,0,1,0
76,2,11,0,0,0,0,1,1,0
85,3,11,0,0,0,0,0,1,0
71,2,11,0,0,0,0,0,1,0
77,2,12,0,0,0,0,0,1,0
46,2,7,0,0,0,0,0,1,0
74,2,9,0,0,0,0,0,1,0
73,2,11,0,0,0,0,0,1,0
74,3,11,0,0,0,0,0,1,0
75,2,12,0,0,0,0,0,1,0
76,2,10,0,0,0,0,0,1,0
21,2,4,0,0,0,0,0,1,0
20,2,4,0,0,0,0,0,1,0
22,3,4,0,0,0,0,0,1,0
24,2,4,0,0,0,0,0,1,0
28,3,4,0,0,0,0,0,1,0
23,3,4,0,0,0,0,0,1,0
20,2,4,0,0,0,0,0,1,0
22,2,4,0,0,0,0,0,1,0
27,3,4,0,0,0,0,0,1,0
19,2,4,0,0,0,0,0,1,0
21,2,4,0,0,0,0,0,1,0
20,2,4,0,0,0,0,0,1,0
22,2,4,0,0,0,0,0,1,0
25,2,5,0,0,0,1,0,1,0
20,2,4,0,0,0,0,0,1,0
21,2,4,0,0,0,0,0,1,0
21,2,4,0,0,0,0,0,1,0
23,2,4,0,0,0,0,0,1,0
20,2,4,0,0,0,0,0,1,0
21,2,4,0,0,0,0,0,1,0
42,2,9,0,0,0,0,1,1,0
48,2,7,0,0,0,0,0,1,0
59,2,9,0,0,0,0,0,1,0
72,3,9,0,0,0,0,0,1,0
49,3,7,0,0,0,0,0,1,0
52,2,7,0,0,0,0,0,1,0
50,2,7,0,0,0,0,1,1,0
58,3,8,0,0,0,0,0,1,0
48,2,7,0,0,0,0,0,1,0
58,2,7,0,0,0,0,0,1,0
22,2,4,0,0,0,0,0,1,0
32,3,4,0,0,0,0,0,1,0
25,2,4,0,0,0,0,0,1,0
23,2,4,0,0,0,0,0,1,0
20,2,4,0,0,0,0,0,1,0
23,2,4,0,0,0,0,0,1,0
27,2,4,0,0,0,0,0,1,0
25,2,4,0,0,0,0,1,1,0
25,2,4,0,0,0,0,0,1,0
23,2,4,0,0,0,0,0,1,0
22,2,4,0,0,0,0,0,1,0
21,2,4,0,0,0,0,0,1,0
20,2,4,0,0,0,0,0,1,0
30,2,5,0,0,0,1,0,1,0
22,2,4,0,0,0,0,0,1,0
19,2,4,0,0,0,0,0,1,0
21,2,4,0,0,0,0,0,1,0
24,2,4,0,0,0,0,0,1,0
20,2,4,0,0,0,0,0,1,0
23,2,4,0,0,0,0,0,1,0
19,2,4,0,0,0,0,0,1,0
31,2,4,0,0,0,0,0,1,0
26,2,4,0,0,0,0,0,1,0
25,2,4,0,0,0,0,0,1,0
29,2,4,0,0,0,0,0,1,0
29,2,4,0,0,0,0,0,1,0
30,2,4,0,0,0,0,0,1,0
28,2,4,0,0,0,0,0,1,0
22,2,4,0,0,0,0,0,1,0
26,2,4,0,0,0,0,0,1,0
25,2,4,0,0,0,0,0,1,0
30,2,4,0,0,0,0,0,1,0
27,2,4,0,0,0,0,0,1,0
26,2,4,0,0,0,0,0,1,0
24,2,4,0,0,0,0,0,1,0
22,2,4,0,0,0,0,0,1,0
22,2,4,0,0,0,0,0,1,0
26,2,4,0,0,0,0,0,1,0
26,2,4,0,0,0,0,0,1,0
23,2,4,0,0,0,0,0,1,0
25,2,4,0,0,0,0,0,1,0
23,2,4,0,0,0,0,0,1,0
27,2,4,0,0,0,0,0,1,0
25,2,4,0,0,0,0,0,1,0
28,2,4,0,0,0,0,0,1,0
24,2,4,0,0,0,0,0,1,0
25,2,4,0,0,0,0,1,1,0
23,2,4,0,0,0,0,0,1,0
20,2,4,0,0,0,0,0,1,0
29,2,4,0,0,0,0,0,1,0
30,2,4,0,0,0,0,0,1,0
22,2,4,0,0,0,0,1,1,0
31,2,4,0,0,0,0,0,1,0
22,2,4,0,0,0,0,0,1,0
28,2,4,0,0,0,0,0,1,0
28,2,4,0,0,0,0,0,1,0
24,2,4,0,0,0,0,0,1,0
25,2,4,0,0,0,0,0,1,0
25,2,4,0,0,0,0,0,1,0
32,2,4,0,0,0,0,0,1,0
27,2,4,0,0,0,0,0,1,0
27,2,4,0,0,0,0,1,1,0
29,2,4,0,0,0,0,0,1,0
25,2,4,0,0,0,0,0,1,0
23,2,4,0,0,0,0,0,1,0
25,2,4,0,0,0,0,0,1,0
27,2,4,0,0,0,0,0,1,0
27,2,4,0,0,0,0,0,1,0
28,2,4,0,0,0,0,0,1,0
30,2,4,0,0,0,0,0,1,0
28,2,4,0,0,0,0,0,1,0
27,2,4,0,0,0,0,1,1,0
32,3,4,0,0,0,0,0,2,0
23,2,4,0,0,0,0,0,1,0
23,2,4,0,0,0,0,0,1,0
25,3,4,0,0,0,0,0,1,0
29,2,4,0,0,0,0,0,1,0
23,2,4,0,0,0,0,1,1,0
23,2,4,0,0,0,0,0,1,0
29,2,4,0,0,0,0,0,1,0
27,2,4,0,0,0,0,0,1,0
32,2,4,0,0,0,0,0,1,0
21,2,4,0,0,0,0,0,1,0
22,2,4,0,0,0,0,0,1,0
23,2,4,0,0,0,0,0,1,0
31,2,4,0,0,0,0,0,1,0
25,2,4,0,0,0,0,0,1,0
23,2,4,0,0,0,0,0,1,0
29,2,4,0,0,0,0,0,1,0
24,2,4,0,0,0,0,0,1,0
22,2,4,0,0,0,0,0,1,0
24,2,4,0,0,0,0,0,1,0
23,2,4,0,0,0,0,0,1,0
26,2,4,0,0,0,0,0,1,0
23,2,4,0,0,0,0,0,1,0
24,2,4,0,0,0,0,0,1,0
23,2,4,0,0,0,0,0,1,0
24,2,4,0,0,0,0,0,1,0
26,2,4,0,0,0,0,0,1,0
29,2,4,0,0,0,0,0,1,0
30,2,4,0,0,0,0,0,1,0
21,2,4,0,0,0,0,0,1,0
25,2,4,0,0,0,0,0,1,0
24,2,4,0,0,0,0,0,1,0
28,2,4,0,0,0,0,0,1,0
23,2,4,0,0,0,0,0,1,0
28,2,4,0,0,0,0,0,1,0
21,2,4,0,0,0,0,0,1,0
25,2,4,0,0,0,0,0,1,0
19,2,4,0,0,0,0,0,1,0
24,2,4,0,0,0,0,1,1,0
27,2,4,0,0,0,0,0,1,0
30,2,4,0,0,0,0,0,1,0
25,2,4,0,0,0,0,0,1,0
26,2,4,0,0,0,0,0,1,0
30,2,4,0,0,0,0,0,1,0
21,2,4,0,0,0,0,0,1,0
20,2,4,0,0,0,0,0,1,0
19,2,4,0,0,0,0,0,1,0
23,2,4,0,0,0,0,0,1,0
26,2,4,0,0,0,0,0,1,0
22,2,4,0,0,0,0,0,1,0
26,2,4,0,0,0,0,0,1,0
21,2,4,0,0,0,0,0,1,0
23,2,4,0,0,0,0,0,1,0
32,2,4,0,0,0,0,1,1,0
24,2,4,0,0,0,0,0,1,0
23,2,4,0,0,0,0,0,1,0
25,2,4,0,0,0,0,0,1,0
20,2,4,0,0,0,0,0,1,0
23,2,4,0,0,0,0,1,1,0
26,2,4,0,0,0,0,0,1,0
23,2,4,0,0,0,0,0,1,0
24,2,4,0,0,0,0,0,1,0
23,2,4,0,0,0,0,0,1,0
23,2,4,0,0,0,0,0,1,0
22,2,4,0,0,0,0,0,1,0
32,2,4,0,0,0,0,0,1,0
27,2,4,0,0,0,0,0,1,0
21,2,4,0,0,0,0,1,1,0
27,2,4,0,0,0,0,0,1,0
26,2,4,0,0,0,0,0,1,0
23,2,4,0,0,0,0,0,1,0
25,2,4,0,0,0,0,0,1,0
30,2,4,0,0,0,0,0,1,0
38,2,4,0,0,0,0,0,1,0
23,2,4,0,0,0,0,0,1,0
32,2,4,0,0,0,0,0,1,0
22,2,4,0,0,0,0,0,1,0
24,2,4,0,0,0,0,0,1,0
23,2,4,0,0,0,0,0,1,0
26,2,4,0,0,0,0,0,1,0
20,2,4,0,0,0,0,0,1,0
20,2,4,0,0,0,0,0,1,0
20,2,4,0,0,0,0,0,1,0
20,2,4,0,0,0,0,0,1,0
20,2,4,0,0,0,0,0,1,0
25,2,4,0,0,0,0,0,1,0
30,2,4,0,0,0,0,0,1,0
21,2,4,0,0,0,0,0,1,0
25,2,4,0,0,0,0,0,1,0
32,3,4,0,0,0,0,0,1,0
48,2,6,0,0,0,0,0,1,0
64,3,7,0,0,0,0,0,1,0
39,3,5,0,0,0,0,0,1,0
43,2,6,0,0,0,0,0,1,0
36,2,4,0,0,0,0,0,1,0
40,3,6,0,0,0,0,0,1,0
29,2,4,0,0,0,0,0,1,0
40,3,5,0,0,0,0,0,1,0
66,3,6,0,0,0,1,0,1,0
42,2,7,0,0,0,0,0,1,0
39,2,6,0,0,0,0,0,1,0
37,2,7,0,0,0,0,0,1,0
43,2,7,0,0,0,0,0,1,0
34,2,6,0,0,0,0,0,1,0
37,2,6,0,0,0,0,0,1,0
45,2,8,0,0,0,0,0,1,0
30,2,4,0,0,0,0,1,1,0
22,2,4,0,0,0,0,0,1,0
27,2,5,0,0,0,0,0,1,0
18,1,4,0,0,0,0,0,0,0
19,1,4,0,0,0,0,0,0,0
20,1,4,0,0,0,0,0,0,0
21,1,4,0,0,0,0,0,0,0
18,1,4,0,0,0,0,0,0,0
20,1,4,0,0,0,0,1,0,0
21,1,4,0,0,0,0,0,0,0
17,1,4,0,0,0,0,0,0,0
17,1,4,0,0,0,0,0,0,0
23,1,4,0,0,0,0,1,0,0
28,2,5,0,0,0,0,0,1,0
22,2,5,0,0,0,0,0,1,0
28,3,5,0,0,0,0,0,1,0
29,3,4,0,0,0,0,0,1,0
29,2,4,0,0,0,0,0,1,0
28,3,4,0,0,0,0,0,1,0
31,2,4,0,0,0,0,0,1,0
27,2,4,0,0,0,0,0,1,0
23,2,4,0,0,0,0,0,1,0
24,2,5,0,0,0,0,0,1,0
44,1,6,0,0,0,0,0,0,0
42,1,8,0,0,0,0,0,0,0
51,1,7,0,0,0,0,0,0,0
47,1,7,0,0,0,0,0,0,0
46,2,7,0,0,0,0,1,1,0
50,2,8,0,0,0,0,0,1,0
49,2,7,0,0,0,0,0,1,0
48,2,8,0,0,0,0,0,1,0
44,2,7,0,0,0,0,1,1,0
48,2,7,0,0,0,0,0,1,0
66,2,13,0,0,0,0,0,1,0
90,3,12,0,0,0,0,0,1,0
107,2,17,0,0,0,0,1,1,0
87,2,18,0,0,0,0,1,1,0
91,3,13,0,0,0,0,0,1,0
78,2,11,0,0,0,0,0,1,0
79,2,12,0,0,0,1,0,1,0
56,2,7,0,0,0,0,0,1,0
65,2,9,0,0,0,0,0,1,0
55,2,8,0,0,0,0,0,1,0
55,2,8,0,0,0,0,0,1,0
45,3,6,0,0,0,0,0,1,0
40,2,7,0,0,0,0,1,1,0
26,2,5,0,0,0,0,0,1,0
38,4,4,0,0,0,0,0,2,0
32,1,6,0,0,0,0,0,0,0
45,2,6,0,0,0,0,0,0,0
24,2,4,0,0,0,0,0,1,0
43,4,6,0,0,0,0,0,1,0
23,1,4,0,0,0,0,0,0,0
39,2,5,0,0,0,0,0,1,0
46,2,5,0,0,0,0,0,1,0
41,2,4,0,0,0,0,0,0,0
46,2,5,0,0,0,0,0,1,0
33,2,4,0,0,0,0,0,1,0
30,2,6,0,0,0,0,0,1,0
36,2,4,0,0,0,0,0,1,0
36,1,5,0,0,0,0,0,0,0
27,1,4,0,0,0,0,0,0,0
35,2,5,0,0,0,0,0,1,0
43,2,6,0,0,0,1,0,1,0
43,2,7,0,0,0,0,0,1,0
46,2,7,0,0,0,0,0,1,0
30,2,5,0,0,0,0,0,1,0
38,2,6,0,0,0,0,0,1,0
30,2,5,0,0,0,0,0,1,0
30,2,4,0,0,0,0,0,1,0
44,2,6,0,0,0,0,0,1,0
43,2,6,0,0,0,0,0,1,0
34,2,5,0,0,0,0,0,1,0
35,2,7,0,0,0,0,0,1,0
41,3,6,0,0,0,0,0,1,0
49,3,6,0,0,0,0,0,1,0
44,3,7,0,0,0,0,0,1,0
32,2,5,0,0,0,0,0,1,0
42,2,6,0,0,0,1,0,1,0
35,2,5,0,0,0,0,0,1,0
36,2,6,0,0,0,0,0,1,0
37,2,5,0,0,0,0,1,1,0
35,2,5,0,0,0,0,0,1,0
24,2,4,0,0,0,0,0,1,0
75,2,12,0,0,0,0,0,1,0
48,3,9,0,0,0,0,0,0,0
51,2,8,0,0,0,0,0,1,0
59,2,9,0,0,0,0,0,1,0
53,3,9,0,0,0,0,0,0,0
61,4,11,0,0,0,0,0,1,0
54,4,11,0,0,0,0,0,1,0
72,2,11,0,0,0,0,0,1,0
38,2,5,0,0,0,0,0,1,0
33,2,4,0,0,0,0,0,1,0
39,2,5,0,0,0,0,0,1,0
46,2,7,0,0,0,0,0,1,0
37,2,5,0,0,0,0,0,1,0
41,3,4,0,0,0,0,0,2,0
39,2,4,0,0,0,0,0,1,0
49,2,6,0,0,0,0,0,1,0
33,2,6,0,0,0,0,0,1,0
42,3,6,0,0,0,0,0,1,0
30,2,4,0,0,0,0,0,1,0
45,3,6,0,0,0,0,1,1,0
40,2,4,0,0,0,0,0,1,0
39,2,4,0,0,0,0,0,1,0
55,2,6,0,0,0,0,0,1,0
47,2,5,0,0,0,0,0,1,0
39,2,4,0,0,0,0,0,1,0
36,2,4,0,0,0,0,0,1,0
35,2,4,0,0,0,0,0,1,0
38,2,4,0,0,0,0,0,1,0
35,2,4,0,0,0,0,0,1,0
39,3,5,0,0,0,0,0,2,0
45,2,6,0,0,0,0,0,1,0
37,3,4,0,0,0,0,0,1,0
32,2,5,0,0,0,0,0,1,0
39,2,5,0,0,0,0,0,1,0
51,2,7,0,0,0,0,0,1,0
51,3,5,0,0,0,0,0,1,0
45,2,6,0,0,0,0,0,1,0
60,2,8,0,0,0,0,0,1,0
33,2,5,0,0,0,0,0,1,0
58,2,9,0,0,0,0,1,1,0
39,2,5,0,0,0,0,0,1,0
47,2,6,0,0,0,0,0,1,0
61,2,8,0,0,0,0,0,1,0
67,5,7,0,0,0,0,0,1,0
45,2,6,0,0,0,0,0,1,0
83,2,12,0,0,0,0,1,1,0
37,2,5,0,0,0,0,0,1,0
58,2,10,0,0,0,0,0,1,0
53,2,9,0,0,0,0,0,1,0
69,2,10,0,0,0,0,0,1,0
51,2,8,0,0,0,0,0,1,0
65,2,10,0,0,0,0,0,1,0
59,2,8,0,0,0,0,0,1,0
71,2,8,0,0,0,0,0,1,0
63,1,12,0,0,0,0,0,0,0
67,2,11,0,0,0,1,0,1,0
58,2,9,0,0,0,0,0,1,0
45,2,8,0,0,0,0,0,1,0
45,2,6,0,0,0,0,0,1,0
83,2,13,0,0,0,0,0,1,0
51,2,8,0,0,0,0,0,1,0
49,3,8,0,0,0,0,0,1,0
49,2,8,0,0,0,0,0,1,0
58,2,11,0,0,0,0,0,1,0
82,2,11,0,0,0,0,0,1,0
51,2,9,0,0,0,0,0,1,0
49,2,6,0,0,0,0,0,1,0
70,1,13,0,0,0,0,0,0,0
79,2,10,0,0,0,0,0,1,0
100,2,11,0,0,0,0,0,1,0
58,3,8,0,0,0,0,0,1,0
45,3,7,0,0,0,0,0,1,0
69,1,10,0,0,0,0,0,0,0
43,2,7,0,0,0,1,0,1,0
61,2,9,0,0,0,0,0,1,0
37,2,6,0,0,0,0,0,1,0
67,2,8,0,0,0,0,0,1,0
54,3,6,0,0,0,0,0,1,0
79,2,10,0,0,0,0,0,1,0
69,2,11,0,0,0,0,0,1,0
65,2,7,0,0,0,0,1,1,0
64,2,9,0,0,0,0,0,1,0
75,2,9,0,0,0,0,0,1,0
69,2,8,0,0,0,0,0,1,0
80,2,9,0,0,0,0,0,1,0
60,2,10,0,0,0,0,0,1,0
81,2,10,0,0,0,0,0,1,0
75,3,8,0,0,0,0,0,1,0
69,2,11,0,0,0,0,0,1,0
67,2,10,0,0,0,0,0,1,0
64,2,8,0,0,0,0,0,1,0
66,2,9,0,0,0,0,0,1,0
58,2,8,0,0,0,0,1,1,0
38,2,7,0,0,0,0,0,1,0
57,2,11,0,0,0,0,0,1,0
64,2,10,0,0,0,0,0,1,0
88,2,14,0,0,0,0,0,1,0
73,2,10,0,0,0,0,0,1,0
58,2,7,0,0,0,0,1,1,0
66,2,8,0,0,0,0,0,1,0
57,2,7,0,0,0,0,0,1,0
83,2,9,0,0,0,0,0,1,0
86,2,10,0,0,0,0,0,1,0
76,2,11,0,0,0,0,0,1,0
75,3,11,0,0,0,0,0,1,0
48,3,6,0,0,0,0,0,1,0
44,1,6,0,0,0,0,0,0,0
54,1,7,0,0,0,0,0,0,0
48,2,7,0,0,0,0,0,1,0
53,2,9,0,0,0,0,1,1,0
92,2,13,0,0,0,0,0,1,0
38,2,5,0,0,0,0,0,1,0
38,2,6,0,0,0,0,0,1,0
57,3,7,0,0,0,0,0,1,0
52,2,7,0,0,0,0,0,1,0
41,1,7,0,0,0,0,0,0,0
57,2,8,0,0,0,0,0,1,0
51,2,7,0,0,0,0,1,1,0
56,2,6,0,0,0,0,0,1,0
56,2,8,0,0,0,0,1,1,0
82,3,9,0,0,0,0,0,1,0
42,2,5,0,0,0,0,0,1,0
73,2,9,0,0,0,0,1,1,0
43,2,7,0,0,0,0,0,1,0
83,2,13,0,0,0,0,0,1,0
68,2,9,0,0,0,0,0,1,0
61,2,10,0,0,0,0,0,1,0
43,2,5,0,0,0,0,0,1,0
61,2,9,0,0,0,0,0,1,0
75,2,12,0,0,0,0,0,1,0
56,2,7,0,0,0,0,0,1,0
71,2,10,0,0,0,0,0,1,0
62,2,9,0,0,0,0,0,1,0
105,2,18,0,0,0,0,0,1,0
69,2,10,0,0,0,0,0,1,0
62,2,9,0,0,0,0,0,1,0
95,2,11,0,0,0,0,1,1,0
64,2,12,0,0,0,0,0,1,0
66,3,8,0,0,0,0,0,1,0
73,2,11,0,0,0,0,0,1,0
94,2,12,0,0,0,0,0,1,0
69,2,7,0,0,0,0,0,1,0
62,2,9,0,0,0,0,0,1,0
85,2,12,0,0,0,0,0,1,0
62,2,8,0,0,0,0,1,1,0
78,2,13,0,0,0,1,0,1,0
56,2,8,0,0,0,0,0,1,0
64,2,8,0,0,0,0,1,1,0
42,2,6,0,0,0,0,0,1,0
62,2,7,0,0,0,0,0,1,0
66,2,8,0,0,0,0,0,1,0
79,2,11,0,0,0,0,0,1,0
61,2,6,0,0,0,0,0,1,0
68,4,7,0,0,0,0,0,1,0
50,2,7,0,0,0,0,0,1,0
56,2,8,0,0,0,0,0,1,0
51,2,7,0,0,0,0,0,1,0
40,2,5,0,0,0,0,0,1,0
76,3,8,0,0,0,0,0,1,0
63,2,9,0,0,0,0,0,1,0
62,3,8,0,0,0,0,0,1,0
37,2,5,0,0,0,0,0,1,0
68,2,12,0,0,0,0,0,1,0
48,3,6,0,0,0,0,0,1,0
68,3,9,0,0,0,0,1,1,0
87,2,15,0,0,0,0,0,1,0
80,3,10,0,0,0,0,0,1,0
67,2,8,0,0,0,0,0,1,0
58,2,8,0,0,0,0,0,1,0
53,2,8,0,0,0,0,0,1,0
54,2,10,0,0,0,0,0,1,0
47,1,7,0,0,0,0,0,0,0
48,2,8,0,0,0,1,0,1,0
41,2,7,0,0,0,0,0,1,0
58,2,9,0,0,0,0,0,1,0
50,1,10,0,0,0,1,0,0,0
47,2,5,0,0,0,0,0,1,0
69,3,7,0,0,0,0,0,1,0
87,2,12,0,0,0,1,0,1,0
40,2,7,0,0,0,0,0,1,0
73,2,11,0,0,0,0,0,1,0
62,2,8,0,0,0,0,0,1,0
72,2,10,0,0,0,0,0,1,0
57,2,7,0,0,0,0,0,1,0
50,2,6,0,0,0,0,1,1,0
65,2,10,0,0,0,0,0,1,0
61,2,9,0,0,0,0,0,1,0
71,2,8,0,0,0,0,0,1,0
44,2,6,0,0,0,0,0,1,0
71,3,8,0,0,0,0,0,1,0
46,2,7,0,0,0,0,0,1,0
33,2,5,0,0,0,0,0,1,0
33,2,5,0,0,0,0,0,1,0
85,2,12,0,0,0,0,0,1,0
54,2,6,0,0,0,0,0,1,0
95,2,13,0,0,0,0,0,1,0
45,2,8,0,0,0,0,0,1,0
35,2,5,0,0,0,0,0,1,0
76,2,13,0,0,0,0,0,1,0
74,2,13,0,0,0,0,0,1,0
64,3,10,0,0,0,0,0,1,0
70,2,9,0,0,0,0,0,1,0
80,3,9,0,0,0,0,0,1,0
67,2,11,0,0,0,0,0,1,0
101,2,14,0,0,0,0,0,1,0
70,2,10,0,0,0,0,1,1,0
76,3,11,0,0,0,0,0,1,0
45,2,6,0,0,0,0,1,1,0
71,2,13,0,0,0,0,0,1,0
45,2,8,0,0,0,0,0,1,0
43,2,6,0,0,0,0,0,1,0
57,2,9,0,0,0,0,0,1,0
40,2,6,0,0,0,0,0,1,0
71,2,11,0,0,0,0,0,1,0
63,2,11,0,0,0,0,0,1,0
53,2,8,0,0,0,0,0,1,0
61,2,8,0,0,0,0,1,1,0
49,2,7,0,0,0,0,1,1,0
68,2,11,0,0,0,0,0,1,0
63,2,13,0,0,0,0,0,1,0
61,2,8,0,0,0,0,0,1,0
77,2,12,0,0,0,0,0,1,0
84,1,12,0,0,0,0,0,0,0
71,2,12,0,0,0,0,1,1,0
101,3,14,0,0,0,0,0,1,0
50,2,7,0,0,0,0,0,1,0
76,3,9,0,0,0,0,0,1,0
67,2,11,0,0,0,0,0,1,0
70,2,11,0,0,0,0,0,1,0
19,1,4,0,0,0,0,0,0,0
51,3,8,0,0,0,1,0,1,0
36,2,5,0,0,0,0,0,1,0
46,3,6,0,0,0,0,0,1,0
52,3,7,0,0,0,0,0,1,0
57,3,6,0,0,0,0,0,1,0
42,2,6,0,0,0,0,1,1,0
41,3,6,0,0,0,0,0,1,0
43,3,5,0,0,0,0,1,1,0
46,2,7,0,0,0,0,0,1,0
94,3,14,0,0,0,0,0,1,0
50,2,6,0,0,0,0,0,1,0
74,2,10,0,0,0,0,0,1,0
56,2,9,0,0,0,0,0,1,0
45,2,5,0,0,0,0,0,1,0
42,2,6,0,0,0,0,0,1,0
64,2,9,0,0,0,0,0,1,0
86,2,6,0,0,0,0,0,1,0
38,2,5,0,0,0,0,0,1,0
67,2,9,0,0,0,0,0,1,0
68,2,9,0,0,0,0,0,1,0
51,2,5,0,0,0,0,0,1,0
58,2,7,0,0,0,0,0,1,0
37,2,5,0,0,0,0,0,1,0
41,2,6,0,0,0,0,0,1,0
53,2,8,0,0,0,0,0,1,0
65,2,9,0,0,0,0,0,1,0
41,2,6,0,0,0,0,0,1,0
47,2,5,0,0,0,0,0,1,0
78,2,11,0,0,0,0,0,1,0
32,2,5,0,0,0,0,0,1,0
38,1,4,0,0,0,0,0,0,0
81,3,12,0,0,0,0,0,1,0
51,5,5,0,0,0,0,0,1,0
45,1,8,0,0,0,0,0,0,0
32,2,5,0,0,0,0,0,1,0
66,2,8,0,0,0,0,0,1,0
54,2,5,0,0,0,0,0,1,0
37,1,5,0,0,0,0,1,0,0
74,2,10,0,0,0,1,0,1,0
57,2,9,0,0,0,0,0,1,0
85,2,11,0,0,0,0,0,1,0
85,2,12,0,0,0,0,0,1,0
76,3,12,0,0,0,0,0,1,0
54,2,9,0,0,0,0,0,1,0
69,3,9,0,0,0,1,0,1,0
71,2,9,0,0,0,0,0,1,0
77,2,10,0,0,0,0,0,1,0
62,2,12,0,0,0,0,0,1,0
67,2,9,0,0,0,1,0,1,0
77,3,10,0,0,0,0,0,1,0
71,2,10,0,0,0,0,0,1,0
44,2,6,0,0,0,0,0,1,0
43,2,7,0,0,0,0,0,1,0
56,2,9,0,0,0,0,0,1,0
45,1,7,0,0,0,0,0,0,0
51,2,8,0,0,0,0,0,1,0
65,3,9,0,0,0,0,0,1,0
47,2,8,0,0,0,0,0,1,0
55,2,10,0,0,0,0,0,1,0
41,2,8,0,0,0,0,0,1,0
46,2,8,0,0,0,0,0,1,0
49,2,9,0,0,0,0,0,1,0
34,2,6,0,0,0,0,0,1,0
34,2,5,0,0,0,0,0,1,0
50,2,8,0,0,0,0,0,1,0
39,2,6,0,0,0,0,0,1,0
29,2,5,0,0,0,0,0,1,0
28,2,4,0,0,0,0,0,1,0
38,2,7,0,0,0,0,0,1,0
25,2,4,0,0,0,0,0,1,0
24,3,4,0,0,0,0,0,1,0
20,2,4,0,0,0,0,0,1,0
46,3,6,0,0,0,0,0,1,0
22,2,4,0,0,0,0,0,1,0
52,3,6,0,0,0,0,0,1,0
18,2,4,0,0,0,0,0,1,0
23,2,4,0,0,0,0,0,1,0
28,2,4,0,0,0,0,0,1,0
23,1,4,0,0,0,0,0,0,0
60,2,9,0,0,0,0,0,1,0
35,2,6,0,0,0,0,0,1,0
44,2,6,0,0,0,0,0,1,0
32,2,4,0,0,0,0,0,1,0
30,2,4,0,0,0,0,0,1,0
41,2,5,0,0,0,0,0,1,0
38,2,5,0,0,0,0,0,1,0
49,2,6,0,0,0,0,0,1,0
26,2,4,0,0,0,0,0,1,0
37,2,5,0,0,0,0,0,1,0
41,2,5,0,0,0,0,0,1,0
39,2,5,0,0,0,0,0,1,0
41,2,5,0,0,0,0,0,1,0
44,2,5,0,0,0,0,0,1,0
37,2,5,0,0,0,0,0,1,0
36,2,4,0,0,0,0,0,1,0
50,3,7,0,0,0,0,0,1,0
52,2,8,0,0,0,0,0,1,0
39,2,6,0,0,0,0,0,1,0
48,2,5,0,0,0,0,0,1,0
39,2,6,0,0,0,0,0,1,0
59,2,7,0,0,0,0,0,1,0
70,3,8,0,0,0,0,0,1,0
39,2,6,0,0,0,0,0,1,0
30,2,5,0,0,0,0,0,1,0
58,2,6,0,0,0,0,0,1,0
34,2,5,0,0,0,0,0,1,0
36,2,4,0,0,0,0,0,1,0
35,1,5,0,0,0,0,1,0,0
67,2,10,0,0,0,0,0,1,0
65,2,11,0,0,0,0,0,1,0
41,2,6,0,0,0,0,0,1,0
40,2,6,0,0,0,0,0,1,0
48,2,8,0,0,0,0,0,1,0
38,2,7,0,0,0,0,0,1,0
42,2,7,0,0,0,0,0,1,0
45,2,7,0,0,0,0,0,1,0
37,2,5,0,0,0,0,1,1,0
32,2,5,0,0,0,0,0,1,0
40,2,5,0,0,0,0,0,1,0
32,2,5,0,0,0,0,0,1,0
40,2,4,0,0,0,0,0,1,0
27,3,4,0,0,0,0,0,1,0
37,2,6,0,0,0,0,0,1,0
46,2,5,0,0,0,0,0,1,0
42,2,6,0,0,0,0,0,1,0
44,3,4,0,0,0,0,0,1,0
33,3,4,0,0,0,0,0,1,0
53,2,10,0,0,0,0,0,1,0
56,2,9,0,0,0,0,0,1,0
55,2,9,0,0,0,0,0,1,0
47,3,6,0,0,0,0,0,1,0
83,2,10,0,0,0,0,0,1,0
43,2,7,0,0,0,0,0,1,0
68,2,10,0,0,0,0,0,1,0
65,2,10,0,0,0,0,0,1,0
60,2,8,0,0,0,0,0,1,0
52,2,7,0,0,0,0,0,1,0
76,2,12,0,0,0,0,0,1,0
83,2,11,0,0,0,0,0,1,0
91,2,12,0,0,0,0,0,1,0
59,2,7,0,0,0,0,0,1,0
66,2,8,0,0,0,0,0,1,0
81,2,14,0,0,0,0,0,1,0
60,3,7,0,0,0,0,0,1,0
58,2,8,0,0,0,0,0,1,0
65,2,9,0,0,0,0,1,1,0
48,2,9,0,0,0,0,0,1,0
61,2,8,0,0,0,0,0,1,0
50,3,7,0,0,0,0,0,1,0
72,3,9,0,0,0,0,0,1,0
53,2,9,0,0,0,0,0,1,0
67,2,11,0,0,0,0,0,1,0
49,2,8,0,0,0,0,0,1,0
39,2,6,0,0,0,0,0,1,0
55,3,7,0,0,0,0,0,1,0
81,2,12,0,0,0,0,0,1,0
57,2,8,0,0,0,0,0,1,0
42,2,5,0,0,0,0,1,1,0
41,2,6,0,0,0,0,0,1,0
45,2,6,0,0,0,0,0,1,0
50,2,6,0,0,0,0,0,1,0
42,2,6,0,0,0,0,0,1,0
47,2,6,0,0,0,0,0,1,0
44,2,5,0,0,0,0,0,1,0
60,2,9,0,0,0,0,0,1,0
48,2,6,0,0,0,0,0,1,0
48,2,8,0,0,0,0,0,1,0
32,2,5,0,0,0,0,0,1,0
44,2,7,0,0,0,0,0,1,0
63,2,8,0,0,0,0,0,1,0
58,2,8,0,0,0,0,0,1,0
66,2,10,0,0,0,0,0,1,0
55,3,7,0,0,0,0,0,1,0
61,5,6,0,0,0,0,0,1,0
68,2,9,0,0,0,0,0,1,0
34,2,5,0,0,0,0,0,1,0
53,2,7,0,0,0,0,0,1,0
48,2,7,0,0,0,0,1,1,0
39,2,6,0,0,0,0,0,1,0
34,1,6,0,0,0,0,0,0,0
43,2,5,0,0,0,0,0,1,0
40,2,5,0,0,0,0,0,1,0
35,2,5,0,0,0,0,0,1,0
92,2,13,0,0,0,0,0,1,0
79,2,13,0,0,0,0,0,1,0
43,2,6,0,0,0,0,0,1,0
76,2,9,0,0,0,0,0,1,0
48,2,7,0,0,0,0,0,1,0
39,2,5,0,0,0,0,0,1,0
38,2,7,0,0,0,0,0,1,0
61,2,8,0,0,0,0,0,1,0
49,2,8,0,0,0,0,0,1,0
57,2,8,0,0,0,0,0,1,0
42,2,6,0,0,0,0,0,1,0
48,2,7,0,0,0,0,0,1,0
80,2,12,0,0,0,0,0,1,0
43,2,8,0,0,0,0,0,1,0
62,2,7,0,0,0,0,0,1,0
37,2,5,0,0,0,0,0,1,0
75,3,10,0,0,0,0,0,1,0
65,3,8,0,0,0,0,0,1,0
59,2,9,0,0,0,0,0,1,0
50,3,6,0,0,0,0,0,1,0
84,2,14,0,0,0,0,0,1,0
59,3,8,0,0,0,0,0,1,0
59,2,9,0,0,0,0,0,1,0
35,2,5,0,0,0,0,0,1,0
39,1,5,0,0,0,0,0,0,0
36,2,5,0,0,0,0,0,1,0
31,2,4,0,0,0,0,0,1,0
46,2,5,0,0,0,0,0,1,0
63,2,9,0,0,0,0,0,1,0
44,2,6,0,0,0,0,0,1,0
40,2,6,0,0,0,0,0,1,0
38,2,5,0,0,0,0,0,1,0
26,2,4,0,0,0,0,0,1,0
51,2,7,0,0,0,0,0,1,0
37,2,5,0,0,0,0,0,1,0
43,2,5,0,0,0,0,0,1,0
45,3,6,0,0,0,0,0,1,0
64,2,8,0,0,0,0,0,1,0
43,2,6,0,0,0,0,0,1,0
56,1,8,0,0,0,0,0,0,0
53,1,5,0,0,0,0,0,0,0
54,2,7,0,0,0,0,0,1,0
74,2,7,0,0,0,0,0,1,0
37,2,6,0,0,0,0,0,1,0
37,2,5,0,0,0,0,0,1,0
36,3,4,0,0,0,0,0,1,0
31,2,5,0,0,0,0,0,1,0
34,2,5,0,0,0,0,0,1,0
35,3,6,0,0,0,0,0,1,0
42,3,5,0,0,0,0,0,1,0
32,2,5,0,0,0,0,0,1,0
31,2,5,0,0,0,0,0,1,0
35,2,6,0,0,0,0,0,1,0
47,2,6,0,0,0,0,0,1,0
65,2,10,0,0,0,0,0,1,0
40,2,5,0,0,0,0,0,1,0
77,2,11,0,0,0,0,0,1,0
63,2,10,0,0,0,0,0,1,0
54,2,6,0,0,0,0,1,1,0
101,2,13,0,0,0,0,0,1,0
47,2,7,0,0,0,0,0,1,0
68,2,8,0,0,0,0,0,1,0
78,3,10,0,0,0,0,0,1,0
58,3,8,0,0,0,0,0,1,0
42,2,5,0,0,0,0,0,1,0
69,4,10,0,0,0,0,0,1,0
46,2,6,0,0,0,0,0,1,0
44,2,6,0,0,0,0,0,1,0
38,2,4,0,0,0,0,0,1,0
34,2,4,0,0,0,0,0,1,0
33,2,5,0,0,0,0,0,1,0
49,2,8,0,0,0,0,0,1,0
34,2,4,0,0,0,0,1,1,0
34,2,5,0,0,0,0,0,0,0
47,3,6,0,0,0,0,0,1,0
53,3,6,0,0,0,0,0,1,0
38,2,5,0,0,0,0,0,1,0
32,2,4,0,0,0,0,0,1,0
24,3,4,0,0,0,0,0,1,0
35,2,5,0,0,0,0,0,1,0
31,3,4,0,0,0,0,0,1,0
19,2,4,0,0,0,0,0,0,0
45,2,6,0,0,0,0,0,0,0
55,3,7,0,0,0,0,0,1,0
61,2,10,0,0,0,0,0,1,0
55,2,8,0,0,0,0,0,1,0
45,4,6,0,0,0,0,0,1,0
53,1,6,0,0,0,0,0,0,0
66,2,10,0,0,0,0,1,1,0
60,3,10,0,0,0,1,0,1,0
47,2,6,0,0,0,0,0,0,0
48,2,6,0,0,0,0,0,1,0
40,2,6,0,0,0,0,0,1,0
43,2,5,0,0,0,0,0,1,0
49,2,5,0,0,0,0,0,1,0
40,2,5,0,0,0,0,0,1,0
53,3,6,0,0,0,0,0,1,0
34,3,4,0,0,0,0,0,1,0
44,2,6,0,0,0,0,0,1,0
33,3,5,0,0,0,0,0,1,0
37,2,4,0,0,0,0,0,1,0
43,2,6,0,0,0,0,0,1,0
67,3,9,0,0,0,0,0,1,0
61,2,10,0,0,0,0,0,1,0
67,2,10,0,0,0,0,0,1,0
49,2,7,0,0,0,0,0,1,0
89,2,13,0,0,0,0,1,1,0
59,3,7,0,0,0,0,0,1,0
59,2,7,0,0,0,0,0,1,0
40,2,8,0,0,0,0,0,1,0
57,2,8,0,0,0,0,0,1,0
53,2,7,0,0,0,0,0,1,0
52,2,7,0,0,0,0,0,1,0
40,2,5,0,0,0,0,0,1,0
58,2,10,0,0,0,0,0,1,0
81,2,11,0,0,0,0,0,1,0
57,2,9,0,0,0,0,0,1,0
63,3,8,0,0,0,0,0,1,0
67,3,7,0,0,0,0,0,1,0
70,2,9,0,0,0,0,0,1,0
97,2,11,0,0,0,0,0,1,0
56,4,7,0,0,0,0,0,1,0
85,2,11,0,0,0,0,1,1,0
70,3,8,0,0,0,0,0,1,0
38,2,6,0,0,0,0,0,1,0
55,2,8,0,0,0,0,0,1,0
62,3,8,0,0,0,0,0,1,0
52,2,9,0,0,0,0,0,1,0
58,3,7,0,0,0,0,0,1,0
61,3,8,0,0,0,0,0,1,0
50,2,6,0,0,0,0,0,1,0
73,3,11,0,0,0,0,0,1,0
39,2,5,0,0,0,0,0,1,0
51,2,8,0,0,0,0,0,1,0
57,3,9,0,0,0,0,0,1,0
33,2,4,0,0,0,0,0,1,0
42,2,5,0,0,0,0,0,1,0
59,2,11,0,0,0,0,0,1,0
112,3,16,0,0,0,0,0,1,0
136,2,23,0,0,0,0,1,1,0
114,2,17,0,0,0,1,0,1,0
111,2,15,0,0,0,0,0,1,0
101,3,14,0,0,0,0,0,1,0
54,3,7,0,0,0,0,0,1,0
79,2,11,0,0,0,0,0,1,0
60,2,8,0,0,0,0,0,1,0
60,3,9,0,0,0,0,0,1,0
35,2,6,0,0,0,0,0,1,0
33,2,5,0,0,0,0,0,1,0
25,1,5,0,0,0,0,0,0,0
30,2,4,0,0,0,0,0,1,0
41,2,6,0,0,0,0,0,1,0
67,2,9,0,0,0,0,0,1,0
73,2,11,0,0,0,0,1,1,0
63,2,9,0,0,0,0,1,1,0
53,2,7,0,0,0,0,0,1,0
65,2,11,0,0,0,0,0,1,0
97,2,14,0,0,0,0,0,1,0
111,2,16,0,0,0,0,0,1,0
98,2,13,0,0,0,0,0,1,0
84,2,12,0,0,0,0,0,1,0
103,2,15,0,0,0,0,0,1,0
53,2,7,0,0,0,0,0,1,0
51,2,7,0,0,0,0,0,1,0
42,2,6,0,0,0,0,0,1,0
60,3,8,0,0,0,0,0,1,0
31,2,6,0,0,0,0,0,1,0
56,2,10,0,0,0,0,0,1,0
64,2,8,0,0,0,0,0,1,0
46,2,6,0,0,0,0,0,1,0
49,2,7,0,0,0,0,0,1,0
81,2,12,0,0,0,0,0,1,0
63,2,8,0,0,0,0,0,1,0
39,2,6,0,0,0,0,0,1,0
62,3,11,0,0,0,0,0,1,0
55,2,7,0,0,0,0,0,1,0
54,1,9,0,0,0,0,0,0,0
89,2,11,0,0,0,0,0,1,0
47,3,7,0,0,0,0,0,1,0
47,2,6,0,0,0,0,0,0,0
63,2,9,0,0,0,0,0,0,0
47,3,6,0,0,0,0,0,1,0
80,2,10,0,0,0,0,0,1,0
84,4,7,0,0,0,0,0,1,0
49,3,6,0,0,0,0,0,2,0
76,3,11,0,0,0,0,0,1,0
58,2,9,0,0,0,0,0,1,0
46,2,7,0,0,0,0,0,1,0
97,6,14,0,0,0,0,0,1,0
55,3,6,0,0,0,0,0,1,0
81,2,13,0,0,0,0,0,1,0
60,2,7,0,0,0,0,0,1,0
57,2,9,0,0,0,0,0,1,0
62,2,9,0,0,0,0,0,1,0
52,4,6,0,0,0,0,0,1,0
63,4,12,0,0,0,0,0,1,0
48,2,7,0,0,0,0,0,1,0
64,2,11,0,0,0,0,0,1,0
72,4,10,0,0,0,0,0,1,0
65,2,13,0,0,0,0,0,1,0
72,2,11,0,0,0,0,0,1,0
65,2,9,0,0,0,0,0,1,0
64,2,12,0,0,0,0,0,1,0
57,2,10,0,0,0,0,0,1,0
77,3,10,0,0,0,0,0,1,0
47,2,7,0,0,0,0,0,1,0
107,2,17,0,0,0,0,0,1,0
174,2,29,0,0,0,0,0,1,0
116,2,15,0,0,0,0,0,1,0
54,2,8,0,0,0,0,0,1,0
88,2,14,0,0,0,0,0,1,0
83,3,11,0,0,0,0,0,1,0
70,2,8,0,0,0,0,0,1,0
45,2,7,0,0,0,0,0,1,0
50,2,7,0,0,0,0,0,1,0
59,2,8,0,0,0,0,0,1,0
66,2,9,0,0,0,0,0,1,0
59,3,7,0,0,0,0,0,1,0
66,3,9,0,0,0,0,0,1,0
66,2,9,0,0,0,0,0,1,0
37,3,5,0,0,0,0,0,1,0
88,2,12,0,0,0,0,0,1,0
95,2,11,0,0,0,0,0,1,0
52,2,7,0,0,0,0,0,1,0
50,2,7,0,0,0,0,0,1,0
63,2,7,0,0,0,0,0,1,0
64,3,9,0,0,0,0,0,1,0
66,2,8,0,0,0,0,1,1,0
45,2,8,0,0,0,0,0,1,0
47,2,7,0,0,0,0,0,1,0
38,2,4,0,0,0,0,0,1,0
41,2,6,0,0,0,0,0,1,0
53,2,7,0,0,0,0,0,1,0
47,2,7,0,0,0,0,0,1,0
32,2,5,0,0,0,0,0,1,0
43,2,7,0,0,0,0,0,1,0
122,2,14,0,0,0,0,0,1,0
69,2,11,0,0,0,0,0,1,0
94,2,13,0,0,0,0,0,1,0
68,3,9,0,0,0,0,0,1,0
69,2,11,0,0,0,0,0,1,0
56,2,9,0,0,0,0,0,1,0
64,3,9,0,0,0,0,0,1,0
91,4,16,0,0,0,0,0,1,0
177,3,26,0,0,0,0,0,1,0
70,2,11,0,0,0,0,0,1,0
68,2,8,0,0,0,0,0,1,0
43,2,6,0,0,0,0,0,1,0
50,2,6,0,0,0,0,0,1,0
47,2,6,0,0,0,0,0,1,0
44,2,6,0,0,0,0,0,1,0
49,2,7,0,0,0,0,0,1,0
66,3,7,0,0,0,0,0,1,0
53,2,7,0,0,0,0,0,1,0
54,2,6,0,0,0,0,0,1,0
46,2,6,0,0,0,0,0,1,0
73,2,9,0,0,0,0,0,1,0
82,2,10,0,0,0,0,0,1,0
70,2,9,0,0,0,0,0,1,0
58,2,7,0,0,0,0,0,1,0
77,2,7,0,0,0,0,0,1,0
87,2,10,0,0,0,0,0,1,0
69,3,8,0,0,0,0,0,1,0
61,2,10,0,0,0,0,0,1,0
58,2,8,0,0,0,0,0,1,0
59,2,9,0,0,0,0,0,1,0
61,4,10,0,0,0,0,0,1,0
71,2,10,0,0,0,0,0,1,0
55,1,8,0,0,0,0,0,0,0
61,3,9,0,0,0,0,1,1,0
101,1,14,0,0,0,0,0,0,0
69,2,9,0,0,0,0,0,1,0
78,4,10,0,0,0,0,0,2,0
69,2,11,0,0,0,0,0,1,0
98,2,15,0,0,0,0,1,1,0
92,2,13,0,0,0,0,0,1,0
51,4,6,0,0,0,0,0,1,0
50,2,8,0,0,0,0,0,1,0
78,2,8,0,0,0,0,0,1,0
67,5,7,0,0,0,0,0,1,0
39,2,8,0,0,0,0,0,1,0
48,4,6,0,0,0,0,0,1,0
73,5,8,0,0,0,0,0,1,0
56,2,9,0,0,0,0,0,1,0
45,2,6,0,0,0,0,0,1,0
46,4,6,0,0,0,0,0,1,0
57,4,7,0,0,0,0,0,1,0
42,2,6,0,0,0,0,0,1,0
70,2,9,0,0,0,0,0,1,0
73,3,10,0,0,0,0,0,1,0
58,3,6,0,0,0,0,0,1,0
59,2,8,0,0,0,0,0,1,0
71,2,13,0,0,0,0,0,1,0
104,2,15,0,0,0,0,0,1,0
48,2,8,0,0,0,0,0,1,0
72,2,12,0,0,0,0,0,1,0
100,2,9,0,0,0,0,0,1,0
72,2,7,0,0,0,0,0,1,0
62,2,11,0,0,0,0,0,1,0
78,2,10,0,0,0,0,0,1,0
80,2,13,0,0,0,0,0,1,0
80,2,11,0,0,0,0,0,1,0
55,2,8,0,0,0,0,0,1,0
72,2,9,0,0,0,0,0,1,0
52,2,10,0,0,0,0,0,1,0
62,1,10,0,0,0,0,0,0,0
76,2,9,0,0,0,0,0,1,0
63,2,9,0,0,0,0,0,1,0
81,2,10,0,0,0,0,0,1,0
67,2,9,0,0,0,0,0,1,0
68,2,10,0,0,0,0,0,1,0
85,3,15,0,0,0,0,0,1,0
66,2,10,0,0,0,0,0,1,0
58,2,9,0,0,0,0,0,1,0
53,1,7,0,0,0,0,0,0,0
63,2,8,0,0,0,0,0,1,0
74,2,11,0,0,0,0,0,1,0
53,4,7,0,0,0,0,0,3,0
54,2,6,0,0,0,0,0,1,0
85,2,9,0,0,0,0,0,1,0
44,1,5,0,0,0,0,0,0,0
92,2,10,0,0,0,0,0,1,0
47,2,6,0,0,0,0,0,0,0
72,2,9,0,0,0,0,0,1,0
87,3,12,0,0,0,0,0,1,0
77,2,12,0,0,0,0,0,1,0
90,2,12,0,0,0,0,0,1,0
97,2,13,0,0,0,0,0,1,0
133,2,17,0,0,0,0,0,1,0
85,2,12,0,0,0,0,0,1,0
100,2,14,0,0,0,0,0,1,0
80,2,11,0,0,0,0,0,1,0
103,2,15,0,0,0,0,0,1,0
68,2,10,0,0,0,0,0,1,0
117,2,18,0,0,0,0,0,1,0
82,2,11,0,0,0,0,0,1,0
96,3,13,0,0,0,0,0,2,0
84,3,12,0,0,0,0,0,1,0
85,2,11,0,0,0,0,0,1,0
46,2,5,0,0,0,0,0,1,0
75,2,9,0,0,0,0,0,1,0
65,2,11,0,0,0,0,0,1,0
126,1,18,0,0,0,0,0,0,0
76,2,11,0,0,0,0,0,1,0
79,2,11,0,0,0,0,0,1,0
83,2,13,0,0,0,0,0,1,0
61,2,12,0,0,0,0,0,1,0
146,2,25,0,0,0,0,0,1,0
85,2,10,0,0,0,0,0,1,0
52,2,8,0,0,0,0,0,1,0
62,2,12,0,0,0,0,0,1,0
42,2,8,0,0,0,0,0,1,0
63,2,9,0,0,0,0,0,1,0
135,2,19,0,0,0,1,0,1,0
166,7,21,0,0,0,0,0,1,0
164,5,22,0,0,0,0,0,1,0
63,2,7,0,0,0,0,0,1,0
63,2,9,0,0,0,0,0,1,0
89,2,9,0,0,0,0,0,1,0
69,3,10,0,0,0,0,0,1,0
35,2,5,0,0,0,0,0,1,0
50,2,8,0,0,0,0,0,1,0
103,3,10,0,0,0,0,1,1,0
75,2,10,0,0,0,0,0,1,0
81,2,10,0,0,0,0,0,1,0
141,3,16,0,0,0,0,0,1,0
47,2,5,0,0,0,0,0,1,0
118,3,14,0,0,0,0,0,1,0
80,2,9,0,0,0,0,0,1,0
69,2,9,0,0,0,0,1,1,0
57,2,7,0,0,0,0,0,1,0
40,2,5,0,0,0,0,0,1,0
44,2,6,0,0,0,0,0,1,0
82,3,9,0,0,0,0,0,1,0
78,2,10,0,0,0,0,0,1,0
79,2,9,0,0,0,0,0,1,0
42,2,10,0,0,0,0,0,1,0
73,2,11,0,0,0,0,0,1,0
35,2,5,0,0,0,0,0,1,0
64,2,9,0,0,0,0,0,1,0
64,2,12,0,0,0,0,0,1,0
78,2,12,0,0,0,0,0,1,0
51,2,7,0,0,0,0,0,1,0
100,2,13,0,0,0,0,0,1,0
108,3,16,0,0,0,0,0,1,0
61,2,8,0,0,0,1,0,1,0
85,2,13,0,0,0,0,1,1,0
89,2,11,0,0,0,0,0,1,0
108,2,14,0,0,0,0,0,1,0
104,2,16,0,0,0,0,0,1,0
109,2,18,0,0,0,0,0,1,0
89,2,14,0,0,0,1,0,1,0
108,3,15,0,0,0,0,0,1,0
113,3,17,0,0,0,0,0,1,0
93,3,11,0,0,0,0,0,1,0
111,2,15,0,0,0,0,0,1,0
49,2,7,0,0,0,0,0,1,0
94,3,13,0,0,0,0,0,1,0
95,4,12,0,0,0,0,0,1,0
61,2,12,0,0,0,0,0,1,0
92,2,12,0,0,0,0,0,1,0
89,5,11,0,0,0,0,0,1,0
50,2,9,0,0,0,0,0,0,0
55,3,7,0,0,0,0,0,1,0
68,4,8,0,0,0,0,0,1,0
52,2,9,0,0,0,0,0,0,0
76,2,12,0,0,0,0,0,1,0
114,3,26,0,0,0,0,0,1,0
128,2,21,0,0,0,0,0,1,0
77,2,9,0,0,0,0,0,1,0
98,2,18,0,0,0,0,0,1,0
119,2,19,0,0,0,0,0,1,0
103,1,17,0,0,0,0,0,0,0
122,2,20,0,0,0,0,0,1,0
129,2,21,0,0,0,0,0,1,0
95,2,13,0,0,0,0,0,1,0
75,2,13,0,0,0,0,0,1,0
99,2,14,0,0,0,0,0,1,0
82,2,14,0,0,0,0,0,1,0
83,2,18,0,0,0,0,0,1,0
77,2,11,0,0,0,0,0,1,0
82,2,11,0,0,0,0,0,1,0
89,2,14,0,0,0,0,0,1,0
104,2,18,0,0,0,0,0,1,0
68,3,10,0,0,0,0,0,1,0
50,3,7,0,0,0,0,0,1,0
99,2,16,0,0,0,0,0,1,0
120,2,19,0,0,0,0,0,1,0
146,2,24,0,0,0,0,0,1,0
73,2,13,0,0,0,0,0,1,0
44,2,6,0,0,0,0,0,1,0
50,2,10,0,0,0,0,0,1,0
65,3,11,0,0,0,0,0,1,0
68,3,8,0,0,0,0,0,1,0
51,2,9,0,0,0,0,0,1,0
105,3,13,0,0,0,0,0,1,0
56,2,8,0,0,0,0,0,1,0
45,2,7,0,0,0,0,0,1,0
52,2,8,0,0,0,0,0,1,0
49,2,7,0,0,0,0,0,1,0
76,2,11,0,0,0,0,0,1,0
68,2,10,0,0,0,0,0,1,0
54,4,6,0,0,0,0,0,1,0
61,3,8,0,0,0,0,0,1,0
37,2,6,0,0,0,0,0,1,0
134,2,22,0,0,0,0,0,1,0
94,1,14,0,0,0,0,0,0,0
101,3,16,0,0,0,0,0,1,0
96,2,16,0,0,0,0,0,1,0
105,2,13,0,0,0,0,0,1,0
174,3,26,0,0,0,0,0,1,0
134,2,20,0,0,0,0,0,1,0
94,2,14,0,0,0,0,0,1,0
148,3,21,0,0,0,0,0,1,0
93,3,14,0,0,0,0,0,1,0
67,4,8,0,0,0,0,0,2,0
83,2,12,0,0,0,0,1,1,0
67,2,9,0,0,0,0,0,1,0
70,2,9,0,0,0,0,0,1,0
79,3,10,0,0,0,0,0,1,0
73,2,12,0,0,0,0,0,1,0
65,2,8,0,0,0,0,0,1,0
66,2,13,0,0,0,0,0,1,0
60,2,9,0,0,0,0,0,1,0
50,3,6,0,0,0,0,0,1,0
66,2,9,0,0,0,0,0,1,0
49,2,8,0,0,0,0,0,1,0
66,2,9,0,0,0,0,0,1,0
77,2,13,0,0,0,0,0,1,0
63,2,11,0,0,0,0,0,1,0
58,2,7,0,0,0,0,1,1,0
60,2,10,0,0,0,0,0,1,0
86,2,14,0,0,0,0,0,1,0
82,2,12,0,0,0,0,0,1,0
94,2,15,0,0,0,0,0,1,0
115,2,17,0,0,0,0,0,1,0
39,2,6,0,0,0,0,0,1,0
80,2,10,0,0,0,0,0,1,0
71,2,8,0,0,0,0,0,1,0
77,2,10,0,0,0,0,1,1,0
32,2,5,0,0,0,0,0,0,0
44,2,5,0,0,0,0,0,1,0
60,3,9,0,0,0,0,0,1,0
46,4,6,0,0,0,0,0,1,0
63,3,7,0,0,0,0,0,1,0
54,3,7,0,0,0,0,0,1,0
82,4,10,0,0,0,0,0,1,0
42,2,6,0,0,0,0,0,1,0
97,2,14,0,0,0,0,0,1,0
105,5,17,0,0,0,0,0,2,0
78,3,9,0,0,0,0,0,1,0
152,3,23,0,0,0,0,0,1,0
123,3,16,0,0,0,0,0,1,0
54,3,7,0,0,0,0,0,1,0
114,2,18,0,0,0,0,0,1,0
94,2,12,0,0,0,0,0,1,0
90,2,11,0,0,0,0,0,1,0
73,2,9,0,0,0,0,0,1,0
123,2,16,0,0,0,0,0,1,0
96,2,13,0,0,0,0,0,1,0
48,3,5,0,0,0,0,0,1,0
87,2,10,0,0,0,1,0,1,0
118,2,17,0,0,0,0,0,1,0
101,2,13,0,0,0,0,1,1,0
92,2,15,0,0,0,0,0,1,0
60,2,7,0,0,0,0,0,1,0
66,3,9,0,0,0,0,0,1,0
68,3,9,0,0,0,0,0,1,0
50,3,6,0,0,0,0,0,2,0
60,2,9,0,0,0,0,0,1,0
38,2,6,0,0,0,0,0,1,0
53,2,7,0,0,0,0,0,1,0
59,3,7,0,0,0,0,0,1,0
76,2,11,0,0,0,0,0,1,0
68,4,10,0,0,0,0,0,2,0
102,1,16,0,0,0,0,0,0,0
73,2,10,0,0,0,0,0,1,0
123,2,16,0,0,0,0,0,1,0
84,2,12,0,0,0,0,0,1,0
158,2,23,0,0,0,0,0,1,0
81,2,11,0,0,0,0,0,1,0
110,2,17,0,0,0,0,0,1,0
115,3,15,0,0,0,0,0,1,0
116,2,20,0,0,0,0,0,1,0
111,2,18,0,0,0,0,0,1,0
39,2,6,0,0,0,0,0,1,0
62,2,10,0,0,0,0,0,1,0
82,2,19,0,0,0,0,0,1,0
123,2,19,0,0,0,0,0,1,0
58,1,9,0,0,0,0,0,0,0
111,2,16,0,0,0,0,0,1,0
95,2,14,0,0,0,0,0,1,0
87,1,16,0,0,0,0,0,0,0
67,1,11,0,0,0,0,0,0,0
88,1,13,0,0,0,0,0,0,0
119,2,17,0,0,0,0,0,1,0
132,3,13,0,0,0,0,0,1,0
148,2,25,0,0,0,0,0,1,0
96,2,18,0,0,0,0,0,1,0
72,3,7,0,0,0,0,0,1,0
101,2,15,0,0,0,0,0,1,0
92,2,14,0,0,0,0,1,1,0
128,3,19,0,0,0,0,0,1,0
125,2,17,0,0,0,0,0,1,0
109,3,14,0,0,0,0,0,1,0
49,1,8,0,0,0,0,0,0,0
67,2,14,0,0,0,0,0,1,0
51,3,5,0,0,0,0,0,1,0
73,2,13,0,0,0,0,0,1,0
41,1,7,0,0,0,0,0,0,0
39,1,6,0,0,0,0,0,0,0
53,2,7,0,0,0,0,0,1,0
31,1,5,0,0,0,0,0,0,0
58,3,7,0,0,0,0,0,1,0
43,2,6,0,0,0,0,0,1,0
59,3,6,0,0,0,0,0,1,0
82,2,12,0,0,0,0,0,1,0
68,3,11,0,0,0,0,0,1,0
69,2,8,0,0,0,0,0,1,0
43,2,5,0,0,0,0,0,1,0
49,2,8,0,0,0,0,0,1,0
52,1,6,0,0,0,0,0,0,0
72,2,9,0,0,0,0,0,1,0
55,2,7,0,0,0,0,0,1,0
92,2,11,0,0,0,0,0,1,0
85,2,10,0,0,0,0,0,1,0
88,2,10,0,0,0,0,0,1,0
96,3,13,0,0,0,0,0,2,0
75,2,9,0,0,0,0,0,1,0
62,1,8,0,0,0,0,0,0,0
48,3,6,0,0,0,0,0,1,0
64,2,9,0,0,0,0,0,1,0
61,2,9,0,0,0,0,0,1,0
48,2,5,0,0,0,0,0,1,0
61,2,8,0,0,0,0,0,1,0
77,3,11,0,0,0,0,0,1,0
76,2,15,0,0,0,0,1,1,0
103,2,14,0,0,0,0,0,1,0
100,2,13,0,0,0,0,1,1,0
213,3,42,0,0,0,0,0,1,0
144,2,29,0,0,0,0,0,1,0
110,3,15,0,0,0,0,0,1,0
134,2,18,0,0,0,0,1,1,0
119,2,26,0,0,0,0,0,1,0
85,2,14,0,0,0,0,0,1,0
240,3,13,0,0,0,0,0,1,0
109,3,15,0,0,0,0,0,1,0
118,2,22,0,0,0,0,0,1,0
178,2,29,0,0,0,0,0,1,0
181,2,27,0,0,0,0,0,1,0
77,2,15,0,0,0,0,0,1,0
180,2,27,0,0,0,0,0,1,0
73,2,9,0,0,0,0,0,1,0
83,4,10,0,0,0,0,0,1,0
94,3,15,0,0,0,0,0,1,0
54,3,6,0,0,0,0,0,1,0
88,2,12,0,0,0,0,0,1,0
45,2,6,0,0,0,0,0,0,0
86,2,13,0,0,0,0,1,1,0
48,2,6,0,0,0,0,0,0,0
74,3,8,0,0,0,0,0,1,0
49,2,6,0,0,0,0,0,0,0
61,4,8,0,0,0,0,0,1,0
56,3,9,0,0,0,0,1,1,0
52,2,7,0,0,0,0,0,0,0
76,2,11,0,0,0,0,0,1,0
50,2,9,0,0,0,0,0,1,0
70,2,11,0,0,0,0,0,1,0
35,2,7,0,0,0,0,0,1,0
64,2,10,0,0,0,0,0,1,0
46,2,6,0,0,0,0,0,1,0
45,2,7,0,0,0,0,0,1,0
54,2,8,0,0,0,0,0,1,0
46,3,6,0,0,0,0,0,1,0
94,2,15,0,0,0,0,0,1,0
52,2,9,0,0,0,0,0,1,0
97,2,14,0,0,0,0,0,1,0
73,2,8,0,0,0,0,0,1,0
88,2,13,0,0,0,0,0,1,0
55,2,7,0,0,0,0,0,1,0
94,2,17,0,0,0,0,0,1,0
71,2,12,0,0,0,0,0,1,0
47,2,7,0,0,0,0,0,1,0
96,2,13,0,0,0,0,1,1,0
57,2,10,0,0,0,0,0,1,0
77,2,15,0,0,0,0,0,1,0
131,2,22,0,0,0,0,0,1,0
92,2,15,0,0,0,0,0,1,0
62,2,12,0,0,0,0,0,1,0
101,2,15,0,0,0,0,0,1,0
42,2,5,0,0,0,0,0,1,0
147,5,17,0,0,0,0,0,1,0
149,2,23,0,0,0,0,0,1,0
119,2,17,0,0,0,0,0,1,0
98,2,12,0,0,0,0,0,1,0
70,3,9,0,0,0,0,0,1,0
48,2,6,0,0,0,0,0,1,0
58,2,8,0,0,0,0,0,1,0
73,2,10,0,0,0,0,0,1,0
69,2,10,0,0,0,0,0,1,0
91,3,7,0,0,0,0,0,1,0
53,3,8,0,0,0,0,0,1,0
77,2,10,0,0,0,0,0,1,0
55,3,6,0,0,0,0,0,1,0
57,3,5,0,0,0,0,0,1,0
101,2,13,0,0,0,0,0,1,0
99,2,15,0,0,0,0,0,1,0
115,1,19,0,0,0,0,0,0,0
95,2,16,0,0,0,0,0,1,0
48,2,6,0,0,0,0,0,1,0
94,2,14,0,0,0,0,1,1,0
87,2,11,0,0,0,0,0,1,0
57,2,9,0,0,0,0,0,1,0
102,3,15,0,0,0,0,1,1,0
47,2,6,0,0,0,0,0,1,0
119,3,14,0,0,0,0,0,1,0
68,2,10,0,0,0,0,0,1,0
34,1,6,0,0,0,0,0,0,0
50,3,7,0,0,0,1,0,1,0
73,2,9,0,0,0,0,0,1,0
56,3,8,0,0,0,0,0,1,0
73,3,7,0,0,0,0,0,1,0
49,1,8,0,0,0,0,0,0,0
50,2,7,0,0,0,0,0,1,0
76,3,11,0,0,0,0,0,1,0
56,3,6,0,0,0,0,0,2,0
52,2,6,0,0,0,0,0,1,0
57,2,8,0,0,0,0,0,1,0
86,3,11,0,0,0,0,0,1,0
69,2,10,0,0,0,0,0,1,0
70,2,10,0,0,0,0,0,1,0
76,2,10,0,0,0,0,0,1,0
50,3,8,0,0,0,0,0,2,0
79,2,11,0,0,0,0,0,1,0
66,2,8,0,0,0,0,0,1,0
79,2,12,0,0,0,0,0,1,0
74,3,10,0,0,0,0,0,1,0
75,2,10,0,0,0,0,0,1,0
86,2,11,0,0,0,0,0,1,0
55,2,7,0,0,0,0,0,1,0
68,2,11,0,0,0,0,0,1,0
61,1,9,0,0,0,0,0,0,0
62,2,9,0,0,0,0,0,1,0
82,3,13,0,0,0,0,0,1,0
52,2,8,0,0,0,0,0,1,0
54,2,10,0,0,0,0,0,1,0
71,2,11,0,0,0,0,0,1,0
82,2,11,0,0,0,0,0,1,0
66,2,9,0,0,0,0,0,1,0
78,2,13,0,0,0,0,0,1,0
67,2,10,0,0,0,0,0,1,0
87,2,12,0,0,0,0,0,1,0
75,2,12,0,0,0,0,0,1,0
86,2,13,0,0,0,0,0,1,0
60,2,8,0,0,0,0,0,1,0
72,3,9,0,0,0,0,0,1,0
86,2,13,0,0,0,0,0,1,0
98,2,14,0,0,0,0,0,1,0
79,2,9,0,0,0,0,0,1,0
65,2,7,0,0,0,0,0,1,0
42,2,6,0,0,0,0,0,1,0
48,2,9,0,0,0,0,1,1,0
39,2,5,0,0,0,0,0,1,0
48,2,5,0,0,0,0,0,1,0
38,2,5,0,0,0,0,0,1,0
133,3,15,0,0,0,0,0,1,0
74,2,11,0,0,0,0,0,1,0
98,2,14,0,0,0,0,0,1,0
38,2,6,0,0,0,0,0,1,0
110,3,16,0,0,0,1,0,1,0
77,1,14,0,0,0,0,0,0,0
57,2,8,0,0,0,0,0,1,0
69,2,10,0,0,0,0,0,1,0
48,3,5,0,0,0,0,0,1,0
87,2,17,0,0,0,0,0,1,0
85,2,13,0,0,0,0,0,1,0
68,1,10,0,0,0,0,0,0,0
63,2,9,0,0,0,0,0,1,0
56,2,9,0,0,0,0,0,1,0
102,2,14,0,0,0,1,0,1,0
53,2,9,0,0,0,0,0,1,0
70,2,12,0,0,0,0,0,1,0
68,2,9,0,0,0,0,0,1,0
72,2,9,0,0,0,0,0,1,0
81,2,13,0,0,0,0,0,1,0
76,2,10,0,0,0,0,0,1,0
47,2,6,0,0,0,0,0,1,0
46,2,5,0,0,0,0,1,1,0
41,2,5,0,0,0,0,0,1,0
47,2,6,0,0,0,0,0,1,0
88,2,12,0,0,0,0,1,1,0
59,2,10,0,0,0,0,0,1,0
75,2,10,0,0,0,0,0,1,0
34,2,5,0,0,0,0,0,1,0
89,2,15,0,0,0,0,0,1,0
111,2,18,0,0,0,0,0,1,0
120,3,17,0,0,0,0,0,1,0
78,3,13,0,0,0,1,0,1,0
126,1,17,0,0,0,0,0,0,0
140,3,18,0,0,0,0,1,2,0
79,3,11,0,0,0,0,0,1,0
88,2,11,0,0,0,0,0,1,0
114,2,19,0,0,0,0,0,1,0
49,2,6,0,0,0,0,0,0,0
69,1,11,0,0,0,1,0,0,0
98,1,13,0,0,0,0,0,0,0
69,2,10,0,0,0,0,0,1,0
84,3,12,0,0,0,0,0,1,0
88,1,15,0,0,0,0,0,0,0
72,2,10,0,0,0,0,0,1,0
58,2,9,0,0,0,0,0,1,0
65,2,9,0,0,0,0,0,1,0
51,1,7,0,0,0,0,0,0,0
50,1,6,0,0,0,0,0,0,0
64,2,11,0,0,0,0,0,1,0
51,4,6,0,0,0,0,0,1,0
53,4,7,0,0,0,0,0,1,0
59,2,9,0,0,0,0,0,1,0
73,5,8,0,0,0,0,0,1,0
58,4,6,0,0,0,0,0,1,0
63,5,6,0,0,0,0,0,1,0
66,5,7,0,0,0,0,0,1,0
60,3,9,0,0,0,0,0,1,0
44,2,7,0,0,0,0,0,1,0
72,2,8,0,0,0,0,0,1,0
67,2,9,0,0,0,0,0,1,0
63,2,9,0,0,0,0,0,1,0
65,2,9,0,0,0,0,0,1,0
92,2,11,0,0,0,0,0,1,0
58,2,7,0,0,0,0,1,1,0
72,2,7,0,0,0,0,0,1,0
76,2,10,0,0,0,0,0,1,0
58,2,8,0,0,0,0,0,1,0
74,2,9,0,0,0,0,0,1,0
52,3,5,0,0,0,0,0,1,0
72,2,8,0,0,0,0,0,1,0
77,2,11,0,0,0,0,0,1,0
63,3,8,0,0,0,0,0,1,0
73,4,9,0,0,0,0,0,2,0
70,1,9,0,0,0,0,0,0,0
72,2,10,0,0,0,0,1,1,0
48,2,7,0,0,0,0,0,1,0
62,2,9,0,0,0,0,0,0,0
94,4,8,0,0,0,1,0,0,0
119,2,18,0,0,0,0,1,1,0
79,3,10,0,0,0,0,0,1,0
101,2,15,0,0,0,0,0,1,0
79,2,10,0,0,0,0,0,1,0
130,2,21,0,0,0,0,0,1,0
88,2,14,0,0,0,0,0,1,0
98,2,13,0,0,0,0,0,1,0
79,2,14,0,0,0,0,0,1,0
64,2,9,0,0,0,0,0,1,0
99,2,13,0,0,0,0,0,1,0
99,2,16,0,0,0,0,0,1,0
78,2,10,0,0,0,0,0,1,0
72,2,9,0,0,0,0,0,1,0
107,2,15,0,0,0,0,0,1,0
74,2,9,0,0,0,0,0,1,0
100,2,14,0,0,0,0,0,1,0
70,2,10,0,0,0,0,0,1,0
79,2,10,0,0,0,0,0,1,0
55,2,8,0,0,0,0,0,1,0
63,2,10,0,0,0,0,0,1,0
82,2,10,0,0,0,0,0,1,0
94,1,16,0,0,0,0,0,0,0
64,2,8,0,0,0,0,0,1,0
79,2,10,0,0,0,0,0,1,0
70,2,9,0,0,0,0,0,1,0
76,2,10,0,0,0,0,0,1,0
76,2,9,0,0,0,0,0,1,0
120,2,17,0,0,0,0,0,1,0
106,2,15,0,0,0,0,0,1,0
95,2,14,0,0,0,0,0,1,0
59,2,7,0,0,0,0,0,1,0
67,2,6,0,0,0,0,0,1,0
56,2,6,0,0,0,0,0,1,0
76,3,9,0,0,0,0,0,1,0
44,2,6,0,0,0,0,0,1,0
83,3,10,0,0,0,0,0,1,0
67,3,8,0,0,0,0,0,1,0
69,2,9,0,0,0,0,0,1,0
94,2,13,0,0,0,0,0,1,0
66,3,7,0,0,0,0,0,1,0
65,2,9,0,0,0,0,0,1,0
80,3,11,0,0,0,0,1,1,0
41,1,7,0,0,0,0,0,0,0
32,1,5,0,0,0,0,0,0,0
62,2,9,0,0,0,0,0,1,0
72,2,9,0,0,0,0,0,1,0
61,3,7,0,0,0,0,0,1,0
60,3,7,0,0,0,0,0,1,0
53,3,5,0,0,0,0,0,1,0
46,2,6,0,0,0,0,0,1,0
99,2,13,0,0,0,0,0,1,0
105,3,15,0,0,0,0,0,1,0
99,3,12,0,0,0,0,0,1,0
68,2,12,0,0,0,0,0,1,0
60,2,9,0,0,0,0,0,1,0
72,2,10,0,0,0,0,0,1,0
53,2,7,0,0,0,0,0,1,0
97,2,13,0,0,0,0,0,1,0
74,3,9,0,0,0,0,0,1,0
104,3,11,0,0,0,0,0,1,0
101,2,12,0,0,0,0,0,1,0
87,2,14,0,0,0,0,0,1,0
84,2,10,0,0,0,0,0,1,0
85,2,12,0,0,0,0,0,1,0
87,2,9,0,0,0,0,0,1,0
108,2,15,0,0,0,0,0,1,0
106,2,13,0,0,0,0,0,1,0
96,3,12,0,0,0,0,0,1,0
89,2,11,0,0,0,0,0,1,0
83,2,13,0,0,0,0,0,1,0
58,2,8,0,0,0,0,0,1,0
56,4,7,0,0,0,0,0,1,0
58,2,8,0,0,0,0,0,1,0
63,2,9,0,0,0,0,0,1,0
56,1,9,0,0,0,0,0,0,0
84,2,13,0,0,0,0,1,1,0
74,2,9,0,0,0,0,0,1,0
73,2,9,0,0,0,0,0,1,0
40,2,5,0,0,0,0,0,1,0
81,2,13,0,0,0,0,0,1,0
119,2,19,0,0,0,0,0,1,0
83,2,12,0,0,0,0,0,1,0
112,2,15,0,0,0,1,0,1,0
145,2,17,0,0,0,0,0,1,0
90,2,14,0,0,0,0,0,1,0
78,2,11,0,0,0,0,0,1,0
98,3,16,0,0,0,0,0,1,0
78,2,14,0,0,0,0,0,1,0
82,2,12,0,0,0,0,0,1,0
99,2,15,0,0,0,0,0,1,0
57,2,9,0,0,0,0,0,1,0
52,2,8,0,0,0,0,0,1,0
81,2,12,0,0,0,0,0,1,0
76,2,10,0,0,0,0,0,1,0
49,2,7,0,0,0,0,0,1,0
43,2,7,0,0,0,0,0,1,0
66,2,9,0,0,0,0,0,1,0
76,2,14,0,0,0,0,0,1,0
70,2,10,0,0,0,0,0,1,0
68,2,11,0,0,0,0,0,1,0
82,2,15,0,0,0,0,1,1,0
97,2,15,0,0,0,0,0,1,0
71,2,12,0,0,0,0,0,1,0
74,2,11,0,0,0,0,0,1,0
32,2,6,0,0,0,0,0,1,0
58,2,7,0,0,0,0,0,1,0
38,2,5,0,0,0,0,0,1,0
38,2,6,0,0,0,0,0,1,0
71,2,9,0,0,0,0,0,1,0
75,2,11,0,0,0,0,0,1,0
61,2,6,0,0,0,0,0,1,0
101,2,13,0,0,0,0,0,1,0
83,3,8,0,0,0,0,0,1,0
79,3,10,0,0,0,0,0,1,0
60,2,8,0,0,0,0,1,1,0
88,2,12,0,0,0,0,0,1,0
73,2,11,0,0,0,0,0,1,0
71,2,11,0,0,0,0,0,1,0
77,2,10,0,0,0,0,0,1,0
116,2,13,0,0,0,0,0,1,0
62,2,10,0,0,0,0,0,1,0
48,2,6,0,0,0,0,0,1,0
76,2,9,0,0,0,0,0,1,0
54,2,8,0,0,0,0,0,1,0
84,2,12,0,0,0,0,0,1,0
63,3,9,0,0,0,0,0,1,0
61,2,8,0,0,0,0,0,1,0
76,2,12,0,0,0,0,0,1,0
60,3,8,0,0,0,0,0,1,0
48,2,7,0,0,0,0,0,1,0
55,3,8,0,0,0,0,0,1,0
67,2,10,0,0,0,0,0,1,0
58,1,10,0,0,0,0,0,0,0
71,2,12,0,0,0,0,0,1,0
131,2,20,0,0,0,0,0,1,0
82,1,15,0,0,0,0,0,0,0
75,2,10,0,0,0,0,0,0,0
67,2,8,0,0,0,0,0,1,0
77,2,10,0,0,0,0,0,1,0
102,2,18,0,0,0,0,0,1,0
26,2,4,0,0,0,0,0,1,0
100,3,14,0,0,0,0,0,1,0
76,3,10,0,0,0,0,0,1,0
64,2,8,0,0,0,0,0,1,0
63,2,8,0,0,0,0,0,1,0
97,2,14,0,0,0,0,0,1,0
38,2,5,0,0,0,0,0,1,0
43,2,5,0,0,0,0,0,1,0
98,2,11,0,0,0,0,0,1,0
44,3,5,0,0,0,0,0,1,0
63,2,6,0,0,0,0,0,1,0
70,3,8,0,0,0,0,0,1,0
54,2,8,0,0,0,1,0,1,0
66,3,7,0,0,0,0,0,1,0
60,2,6,0,0,0,0,0,1,0
57,2,7,0,0,0,0,0,1,0
43,1,7,0,0,0,0,0,0,0
83,3,9,0,0,0,0,0,1,0
54,3,9,0,0,0,0,0,1,0
73,2,9,0,0,0,0,1,1,0
67,2,8,0,0,0,0,0,1,0
49,2,6,0,0,0,0,0,1,0
45,2,5,0,0,0,0,0,1,0
51,2,5,0,0,0,0,0,1,0
54,2,8,0,0,0,0,0,1,0
